order_id,customer_id,order_date,status
1,125,2024-06-06,completed
2,138,2025-02-11,refunded
3,493,2023-08-29,cancelled
4,469,2024-05-05,refunded
5,452,2025-10-15,cancelled
6,390,2024-10-17,completed
7,152,2023-11-09,completed
8,495,2025-10-01,cancelled
9,72,2025-09-27,completed
10,363,2023-11-06,completed
11,9,2023-01-14,refunded
12,77,2024-05-08,completed
13,154,2023-06-15,completed
14,29,2023-01-20,completed
15,459,2023-03-29,completed
16,351,2024-07-28,refunded
17,289,2024-05-07,refunded
18,119,2023-06-05,completed
19,284,2025-02-07,cancelled
20,396,2024-08-27,completed
21,365,2023-11-12,cancelled
22,185,2024-07-06,completed
23,14,2023-07-03,completed
24,293,2023-12-14,cancelled
25,253,2023-10-26,completed
26,185,2024-05-30,completed
27,431,2025-02-17,completed
28,91,2025-03-26,completed
29,419,2025-03-15,completed
30,488,2025-08-03,completed
31,130,2023-11-12,cancelled
32,360,2023-06-24,completed
33,496,2024-11-10,cancelled
34,133,2024-03-30,refunded
35,54,2024-08-28,cancelled
36,179,2024-09-30,completed
37,35,2024-09-06,completed
38,477,2024-05-14,refunded
39,323,2024-01-13,completed
40,106,2024-07-24,completed
41,271,2024-10-03,refunded
42,345,2023-10-02,completed
43,192,2023-10-17,refunded
44,86,2025-09-29,completed
45,249,2023-10-07,completed
46,43,2023-03-05,completed
47,294,2023-08-22,completed
48,231,2024-06-22,completed
49,416,2024-12-19,refunded
50,87,2024-10-24,completed
51,444,2023-09-17,completed
52,73,2024-07-04,cancelled
53,233,2025-09-26,completed
54,423,2024-03-09,cancelled
55,404,2024-12-04,completed
56,476,2023-11-20,cancelled
57,48,2025-01-08,completed
58,321,2024-09-17,completed
59,266,2025-06-30,completed
60,356,2023-09-28,cancelled
61,46,2023-07-29,completed
62,272,2023-01-18,refunded
63,45,2023-07-25,completed
64,162,2023-10-14,completed
65,383,2025-03-13,completed
66,58,2024-05-08,cancelled
67,280,2023-12-20,cancelled
68,8,2024-06-20,completed
69,322,2025-10-23,cancelled
70,41,2025-11-13,completed
71,374,2024-05-03,completed
72,159,2023-12-26,completed
73,255,2024-12-11,refunded
74,269,2023-05-11,completed
75,396,2023-07-30,refunded
76,24,2025-08-24,completed
77,469,2024-10-17,completed
78,92,2024-04-02,refunded
79,168,2023-06-26,refunded
80,376,2024-05-17,completed
81,278,2024-12-10,completed
82,215,2025-10-04,completed
83,359,2025-02-01,cancelled
84,259,2023-10-01,cancelled
85,223,2023-09-25,completed
86,120,2023-06-02,completed
87,231,2025-08-12,completed
88,47,2023-11-19,completed
89,134,2023-12-23,completed
90,7,2023-05-07,completed
91,470,2023-06-03,completed
92,464,2024-11-10,completed
93,421,2025-03-19,cancelled
94,89,2024-12-25,completed
95,256,2025-04-23,refunded
96,401,2025-01-05,cancelled
97,164,2024-03-24,completed
98,337,2024-05-08,completed
99,413,2025-01-04,refunded
100,429,2025-10-05,refunded
101,270,2025-09-05,completed
102,12,2023-10-30,refunded
103,173,2024-09-10,completed
104,363,2024-12-31,completed
105,309,2024-10-13,refunded
106,122,2024-12-11,completed
107,136,2024-03-05,completed
108,25,2025-03-01,cancelled
109,425,2025-09-08,refunded
110,134,2023-08-03,completed
111,361,2023-03-05,cancelled
112,28,2023-07-27,completed
113,50,2023-04-12,cancelled
114,422,2025-09-10,completed
115,42,2025-08-27,completed
116,190,2025-02-20,completed
117,116,2024-07-04,refunded
118,212,2024-04-10,refunded
119,352,2025-08-30,refunded
120,293,2025-11-24,refunded
121,104,2023-10-30,refunded
122,167,2024-07-19,refunded
123,289,2023-07-26,completed
124,317,2025-04-02,completed
125,173,2024-09-12,completed
126,397,2024-10-19,completed
127,264,2023-11-22,completed
128,429,2023-04-29,completed
129,141,2025-01-24,cancelled
130,91,2025-08-29,refunded
131,332,2024-04-06,completed
132,308,2023-01-18,completed
133,130,2024-03-22,cancelled
134,262,2025-02-05,refunded
135,97,2023-11-04,refunded
136,336,2025-10-15,completed
137,352,2025-09-01,completed
138,485,2024-11-18,completed
139,134,2024-08-25,cancelled
140,444,2023-05-26,cancelled
141,212,2023-04-21,completed
142,442,2024-01-05,completed
143,296,2023-11-21,cancelled
144,325,2025-05-29,cancelled
145,388,2024-01-26,completed
146,160,2023-09-22,completed
147,223,2023-10-02,completed
148,376,2023-02-14,refunded
149,25,2023-08-26,cancelled
150,155,2025-05-11,completed
151,102,2024-02-14,completed
152,2,2023-01-27,completed
153,400,2025-11-13,completed
154,152,2024-06-24,cancelled
155,448,2023-03-22,completed
156,437,2023-10-11,completed
157,59,2025-03-31,cancelled
158,68,2023-05-01,completed
159,313,2025-02-16,completed
160,33,2024-06-19,completed
161,222,2024-05-24,cancelled
162,6,2023-11-18,refunded
163,260,2024-04-01,refunded
164,61,2025-10-15,completed
165,423,2023-07-06,refunded
166,287,2025-08-26,completed
167,360,2023-08-06,completed
168,97,2023-09-05,cancelled
169,56,2025-04-28,completed
170,355,2023-12-22,completed
171,312,2024-05-23,completed
172,103,2024-03-05,refunded
173,288,2025-09-10,refunded
174,344,2023-04-26,completed
175,105,2023-03-08,completed
176,199,2025-05-03,completed
177,91,2023-06-02,completed
178,143,2024-06-25,completed
179,364,2023-11-14,completed
180,38,2024-10-12,refunded
181,179,2024-03-29,completed
182,229,2024-05-07,refunded
183,412,2025-11-07,cancelled
184,86,2023-01-16,completed
185,276,2025-06-10,completed
186,28,2023-12-31,completed
187,9,2025-03-08,completed
188,145,2025-06-15,cancelled
189,408,2024-08-27,completed
190,3,2025-03-18,refunded
191,100,2023-08-23,completed
192,372,2025-09-24,completed
193,163,2025-09-22,cancelled
194,491,2025-05-27,completed
195,142,2025-01-06,completed
196,90,2023-06-17,completed
197,457,2023-02-08,refunded
198,283,2024-06-17,refunded
199,187,2025-10-25,completed
200,92,2023-10-27,cancelled
201,136,2025-01-26,completed
202,241,2025-07-20,completed
203,428,2024-06-23,refunded
204,406,2025-09-14,refunded
205,40,2025-11-19,completed
206,213,2024-11-07,completed
207,294,2023-11-26,completed
208,111,2025-07-08,refunded
209,306,2023-05-21,completed
210,462,2023-03-21,refunded
211,481,2025-09-14,cancelled
212,131,2025-09-04,completed
213,3,2023-01-15,refunded
214,134,2025-05-17,refunded
215,190,2025-09-17,completed
216,401,2023-11-28,completed
217,494,2023-01-11,completed
218,114,2025-01-29,completed
219,436,2025-11-27,completed
220,123,2023-01-01,completed
221,208,2024-02-15,refunded
222,469,2024-12-13,completed
223,209,2025-11-02,completed
224,493,2025-07-28,cancelled
225,212,2024-12-24,refunded
226,161,2024-12-25,completed
227,118,2024-02-20,completed
228,253,2024-07-16,cancelled
229,114,2023-09-20,completed
230,353,2023-01-18,completed
231,96,2024-06-22,completed
232,215,2025-02-01,completed
233,439,2025-02-19,completed
234,216,2025-10-20,completed
235,111,2024-06-04,cancelled
236,134,2025-01-09,completed
237,182,2024-10-27,refunded
238,328,2024-11-21,cancelled
239,163,2024-08-19,completed
240,373,2024-04-25,completed
241,49,2023-05-11,cancelled
242,336,2025-03-09,completed
243,270,2023-12-16,completed
244,240,2024-07-11,refunded
245,227,2024-09-22,completed
246,353,2025-10-04,cancelled
247,281,2025-02-04,completed
248,41,2025-05-14,completed
249,70,2024-08-16,completed
250,497,2023-02-15,completed
251,373,2023-01-17,completed
252,176,2025-05-10,completed
253,398,2025-03-14,completed
254,127,2023-03-10,completed
255,323,2023-03-28,refunded
256,8,2023-12-09,completed
257,256,2023-07-07,refunded
258,406,2023-08-08,completed
259,371,2023-10-03,completed
260,98,2024-01-18,refunded
261,152,2024-06-23,refunded
262,165,2023-05-10,refunded
263,50,2023-05-17,completed
264,99,2023-07-22,completed
265,336,2025-10-03,completed
266,428,2024-09-14,completed
267,99,2024-05-24,refunded
268,360,2025-05-24,completed
269,478,2024-12-22,completed
270,493,2025-07-15,cancelled
271,154,2024-03-30,completed
272,183,2023-11-16,completed
273,293,2025-03-29,refunded
274,305,2024-09-07,completed
275,325,2025-02-22,completed
276,345,2025-03-15,cancelled
277,43,2025-09-01,refunded
278,257,2025-06-08,completed
279,288,2024-05-19,completed
280,58,2025-04-27,cancelled
281,87,2024-12-17,refunded
282,379,2023-04-22,completed
283,12,2024-11-10,completed
284,88,2023-05-04,completed
285,35,2025-03-06,completed
286,463,2024-10-08,cancelled
287,171,2025-09-30,cancelled
288,321,2024-09-11,completed
289,337,2023-10-09,completed
290,466,2024-11-05,cancelled
291,466,2023-10-25,refunded
292,392,2024-10-14,cancelled
293,68,2024-01-14,completed
294,258,2025-08-18,completed
295,99,2024-04-08,completed
296,475,2025-06-18,refunded
297,202,2023-03-20,refunded
298,276,2025-03-21,completed
299,86,2025-05-15,completed
300,202,2025-04-26,completed
301,368,2023-09-11,completed
302,269,2025-02-25,refunded
303,158,2024-09-25,cancelled
304,319,2024-06-02,completed
305,210,2025-06-23,completed
306,19,2023-10-25,completed
307,313,2023-12-30,cancelled
308,389,2025-05-25,refunded
309,169,2025-04-27,refunded
310,371,2024-08-11,cancelled
311,414,2024-01-04,refunded
312,321,2023-08-30,completed
313,154,2025-11-03,refunded
314,100,2024-11-07,completed
315,402,2025-04-27,completed
316,431,2023-03-05,completed
317,140,2025-04-27,completed
318,402,2023-03-18,completed
319,98,2024-11-27,cancelled
320,199,2023-08-26,completed
321,267,2024-10-01,completed
322,344,2023-08-29,completed
323,278,2024-12-18,refunded
324,277,2025-06-27,completed
325,45,2025-05-23,cancelled
326,160,2024-11-11,completed
327,241,2024-04-19,completed
328,359,2024-11-07,completed
329,394,2024-12-14,refunded
330,318,2024-05-14,refunded
331,291,2024-12-01,refunded
332,285,2023-07-19,cancelled
333,351,2025-02-15,completed
334,273,2024-08-19,cancelled
335,46,2023-01-17,refunded
336,121,2025-06-03,refunded
337,72,2024-01-21,refunded
338,74,2025-09-23,cancelled
339,458,2025-05-21,refunded
340,96,2025-05-19,refunded
341,138,2025-04-21,refunded
342,265,2023-06-10,refunded
343,464,2025-08-18,refunded
344,32,2025-08-27,refunded
345,65,2025-11-01,completed
346,310,2023-12-24,refunded
347,93,2023-03-09,completed
348,395,2025-02-23,completed
349,238,2025-03-27,cancelled
350,243,2024-06-21,completed
351,313,2024-07-12,completed
352,267,2024-11-22,completed
353,269,2023-08-01,cancelled
354,13,2023-07-08,completed
355,357,2024-01-13,completed
356,132,2023-11-28,completed
357,92,2025-06-21,completed
358,315,2023-08-06,cancelled
359,10,2025-10-16,completed
360,78,2024-11-06,cancelled
361,2,2025-02-26,cancelled
362,171,2024-09-12,cancelled
363,188,2024-11-27,completed
364,357,2025-03-09,completed
365,13,2024-05-03,cancelled
366,19,2024-11-25,completed
367,380,2024-04-22,completed
368,242,2023-04-04,completed
369,313,2023-12-16,refunded
370,33,2024-02-20,cancelled
371,500,2023-10-09,completed
372,141,2023-10-17,cancelled
373,125,2023-03-25,completed
374,451,2025-09-24,completed
375,214,2025-09-01,completed
376,481,2023-12-24,refunded
377,322,2024-09-08,completed
378,142,2023-04-19,completed
379,91,2023-11-24,completed
380,223,2024-05-29,completed
381,37,2024-04-26,cancelled
382,51,2024-04-30,cancelled
383,242,2025-09-19,completed
384,369,2024-02-02,completed
385,437,2025-08-11,cancelled
386,45,2025-04-23,refunded
387,168,2025-06-08,refunded
388,241,2025-10-29,completed
389,355,2025-04-12,completed
390,343,2024-09-16,completed
391,405,2025-01-28,cancelled
392,198,2024-11-12,refunded
393,318,2024-11-18,completed
394,90,2023-05-18,refunded
395,386,2024-04-06,completed
396,177,2025-07-15,cancelled
397,457,2025-07-26,completed
398,56,2023-12-04,completed
399,448,2024-02-23,refunded
400,178,2025-05-10,cancelled
401,33,2023-02-15,completed
402,88,2024-06-16,completed
403,317,2023-11-26,refunded
404,295,2023-09-17,cancelled
405,76,2025-02-02,cancelled
406,476,2024-10-17,completed
407,459,2024-08-16,refunded
408,461,2023-03-24,completed
409,299,2024-03-30,completed
410,252,2024-10-12,refunded
411,177,2024-12-20,completed
412,374,2025-04-28,completed
413,328,2024-07-13,cancelled
414,96,2025-02-20,completed
415,135,2024-09-06,cancelled
416,214,2024-01-03,cancelled
417,497,2023-05-17,refunded
418,263,2023-02-05,completed
419,183,2023-12-01,completed
420,264,2024-02-01,completed
421,424,2024-09-08,completed
422,191,2025-09-20,cancelled
423,258,2024-03-28,completed
424,246,2024-12-14,completed
425,114,2023-09-21,completed
426,354,2023-08-17,completed
427,101,2023-08-09,completed
428,472,2024-02-25,refunded
429,486,2024-12-13,completed
430,271,2024-03-20,completed
431,358,2024-01-15,cancelled
432,195,2025-05-18,completed
433,286,2023-03-25,completed
434,284,2025-04-14,completed
435,203,2025-06-16,refunded
436,380,2023-12-12,completed
437,143,2024-07-13,cancelled
438,76,2025-07-20,completed
439,322,2023-10-03,completed
440,348,2023-02-24,completed
441,151,2025-10-16,cancelled
442,231,2024-10-06,cancelled
443,69,2024-10-01,cancelled
444,260,2023-04-25,cancelled
445,32,2023-02-27,refunded
446,195,2023-07-19,cancelled
447,121,2024-10-01,refunded
448,87,2023-02-10,refunded
449,163,2025-02-12,refunded
450,315,2024-09-05,completed
451,294,2025-04-03,completed
452,178,2023-06-07,completed
453,452,2023-02-08,refunded
454,268,2024-02-15,completed
455,434,2025-04-24,completed
456,99,2023-02-26,completed
457,140,2023-10-07,completed
458,441,2023-06-21,completed
459,268,2024-05-30,cancelled
460,396,2024-10-03,completed
461,226,2025-04-16,completed
462,186,2025-08-31,completed
463,159,2025-01-13,completed
464,108,2023-11-25,cancelled
465,444,2023-06-14,cancelled
466,358,2024-06-18,refunded
467,356,2023-02-26,completed
468,322,2024-09-17,completed
469,89,2024-11-01,completed
470,484,2024-04-04,completed
471,102,2024-06-20,completed
472,46,2025-01-23,completed
473,148,2025-10-09,cancelled
474,422,2024-08-02,completed
475,190,2025-07-27,completed
476,352,2024-03-10,cancelled
477,477,2024-04-25,cancelled
478,259,2025-02-19,completed
479,450,2025-08-16,completed
480,60,2024-10-03,completed
481,463,2024-06-23,refunded
482,97,2023-11-01,completed
483,224,2023-08-26,cancelled
484,364,2025-09-20,cancelled
485,105,2024-08-04,completed
486,214,2023-06-07,completed
487,429,2024-10-24,completed
488,322,2024-07-05,refunded
489,486,2023-09-22,completed
490,381,2023-05-25,refunded
491,146,2023-11-12,completed
492,263,2024-02-14,cancelled
493,315,2024-01-17,cancelled
494,270,2023-06-21,completed
495,268,2025-05-25,completed
496,131,2023-06-17,refunded
497,24,2023-06-20,cancelled
498,175,2024-01-19,completed
499,3,2025-03-19,completed
500,445,2025-09-23,completed
501,58,2023-02-02,completed
502,224,2024-01-26,completed
503,463,2023-11-09,cancelled
504,27,2024-11-14,completed
505,378,2024-08-18,completed
506,284,2023-05-11,completed
507,372,2024-01-29,cancelled
508,68,2024-08-23,cancelled
509,145,2023-06-26,cancelled
510,52,2025-05-01,cancelled
511,452,2024-06-18,completed
512,59,2024-04-09,completed
513,410,2025-07-25,completed
514,86,2023-08-30,completed
515,172,2023-10-10,completed
516,147,2025-10-31,completed
517,323,2024-05-17,completed
518,75,2023-01-21,refunded
519,223,2023-05-06,cancelled
520,463,2023-04-29,refunded
521,313,2023-10-28,cancelled
522,452,2024-09-09,completed
523,267,2024-08-04,completed
524,12,2023-02-27,refunded
525,25,2023-09-13,cancelled
526,413,2024-04-23,completed
527,265,2024-01-30,completed
528,244,2024-03-15,cancelled
529,302,2025-11-28,cancelled
530,375,2025-05-03,completed
531,356,2024-03-11,cancelled
532,62,2025-01-26,refunded
533,249,2023-02-27,completed
534,111,2024-01-10,cancelled
535,35,2023-04-02,cancelled
536,391,2023-10-11,refunded
537,277,2023-04-04,cancelled
538,288,2023-09-11,refunded
539,258,2023-02-08,completed
540,442,2023-02-17,completed
541,278,2023-12-11,completed
542,348,2023-12-13,completed
543,133,2025-02-08,completed
544,261,2025-10-30,cancelled
545,163,2025-08-09,refunded
546,291,2025-04-13,cancelled
547,401,2023-10-19,completed
548,31,2025-09-14,completed
549,203,2023-09-09,completed
550,175,2024-03-07,cancelled
551,212,2025-09-28,cancelled
552,424,2025-01-03,cancelled
553,237,2025-01-28,completed
554,120,2025-10-08,completed
555,101,2025-03-22,completed
556,382,2023-05-14,completed
557,349,2025-07-18,completed
558,254,2025-01-10,refunded
559,273,2025-07-08,completed
560,451,2023-02-21,completed
561,246,2025-06-03,completed
562,421,2024-11-14,refunded
563,44,2023-05-05,completed
564,313,2025-06-03,completed
565,436,2025-02-20,cancelled
566,120,2023-01-22,cancelled
567,265,2024-11-03,refunded
568,132,2024-12-28,cancelled
569,66,2024-09-30,refunded
570,189,2023-01-17,refunded
571,175,2024-01-23,cancelled
572,84,2023-08-03,cancelled
573,472,2023-01-08,completed
574,414,2025-02-08,completed
575,149,2025-06-20,completed
576,174,2024-05-18,completed
577,195,2023-08-16,completed
578,482,2025-06-07,completed
579,273,2025-02-13,completed
580,168,2024-05-21,completed
581,86,2025-11-07,cancelled
582,138,2025-04-01,refunded
583,203,2024-03-23,completed
584,228,2025-11-28,completed
585,240,2025-06-04,cancelled
586,92,2025-06-23,completed
587,51,2023-08-31,completed
588,382,2024-07-16,completed
589,421,2023-01-25,cancelled
590,370,2025-08-02,completed
591,108,2025-06-17,cancelled
592,174,2024-04-06,cancelled
593,473,2023-10-12,completed
594,274,2025-03-02,completed
595,424,2025-09-27,completed
596,150,2023-05-24,cancelled
597,88,2024-10-31,cancelled
598,490,2024-02-27,completed
599,258,2025-07-28,completed
600,270,2024-11-04,refunded
601,314,2023-12-25,cancelled
602,197,2024-01-11,refunded
603,452,2024-08-20,completed
604,387,2023-08-04,refunded
605,328,2025-08-03,cancelled
606,6,2024-05-28,completed
607,43,2024-05-11,cancelled
608,88,2023-02-06,refunded
609,40,2023-01-23,completed
610,227,2023-04-08,refunded
611,25,2025-02-11,completed
612,216,2023-02-27,completed
613,23,2025-05-01,refunded
614,479,2025-03-20,cancelled
615,55,2024-12-31,completed
616,235,2024-03-26,completed
617,393,2025-10-20,completed
618,326,2024-10-13,cancelled
619,312,2025-07-08,cancelled
620,122,2025-05-27,completed
621,473,2025-06-27,completed
622,118,2024-11-09,completed
623,267,2024-10-20,completed
624,65,2023-07-07,completed
625,126,2025-05-18,completed
626,86,2025-08-22,cancelled
627,219,2023-06-20,completed
628,288,2025-09-11,completed
629,442,2025-10-22,completed
630,454,2023-03-21,completed
631,334,2025-02-28,cancelled
632,324,2023-02-27,completed
633,60,2023-07-09,cancelled
634,130,2024-09-10,refunded
635,358,2024-09-22,completed
636,269,2025-05-03,completed
637,291,2024-03-11,completed
638,226,2023-08-12,completed
639,142,2023-05-12,completed
640,345,2023-07-26,completed
641,109,2023-01-15,cancelled
642,350,2024-12-03,completed
643,448,2024-11-07,completed
644,309,2023-09-09,refunded
645,212,2024-01-20,completed
646,205,2023-06-16,completed
647,66,2025-10-16,completed
648,340,2024-05-08,completed
649,83,2024-10-30,cancelled
650,473,2025-10-04,completed
651,414,2024-04-22,completed
652,294,2025-01-23,completed
653,217,2024-10-16,completed
654,276,2025-08-01,completed
655,308,2024-08-03,completed
656,141,2025-09-06,completed
657,439,2025-09-25,cancelled
658,173,2025-05-15,cancelled
659,359,2025-03-17,completed
660,296,2023-10-09,cancelled
661,372,2023-07-28,completed
662,61,2025-11-21,completed
663,353,2023-12-20,cancelled
664,443,2025-02-21,completed
665,141,2023-07-13,refunded
666,167,2023-05-11,refunded
667,266,2023-09-12,completed
668,410,2024-10-05,completed
669,288,2024-06-09,completed
670,217,2023-01-01,completed
671,268,2024-12-22,refunded
672,309,2024-03-18,refunded
673,205,2025-07-23,completed
674,366,2025-02-01,refunded
675,273,2023-08-14,refunded
676,51,2025-02-11,completed
677,283,2024-07-09,refunded
678,93,2024-12-07,refunded
679,28,2025-01-28,completed
680,326,2023-06-28,completed
681,44,2024-08-08,refunded
682,467,2023-01-15,cancelled
683,39,2025-01-21,completed
684,154,2025-09-16,completed
685,457,2025-09-26,completed
686,180,2024-01-17,cancelled
687,271,2025-11-19,completed
688,154,2025-01-16,cancelled
689,225,2025-06-18,completed
690,57,2024-01-24,completed
691,462,2023-03-06,completed
692,282,2025-10-11,completed
693,406,2023-02-13,completed
694,220,2023-01-17,cancelled
695,128,2024-07-29,completed
696,97,2023-11-01,completed
697,99,2023-10-27,cancelled
698,47,2023-04-15,cancelled
699,246,2023-05-06,refunded
700,164,2023-04-08,completed
701,147,2025-08-24,completed
702,170,2025-01-08,completed
703,22,2024-01-26,completed
704,66,2024-01-28,cancelled
705,35,2025-09-15,cancelled
706,407,2024-01-25,cancelled
707,288,2025-03-10,cancelled
708,437,2024-03-27,completed
709,328,2023-10-31,completed
710,1,2024-12-12,refunded
711,30,2023-01-22,completed
712,370,2025-02-21,completed
713,374,2025-06-07,completed
714,95,2023-12-27,completed
715,74,2023-05-28,cancelled
716,371,2023-10-09,completed
717,481,2023-01-28,completed
718,72,2025-09-10,refunded
719,64,2023-02-13,completed
720,73,2023-01-03,completed
721,181,2024-08-10,completed
722,490,2024-07-31,completed
723,473,2023-06-23,completed
724,139,2025-10-19,completed
725,76,2025-03-10,cancelled
726,166,2023-09-19,completed
727,215,2025-10-15,refunded
728,436,2023-02-05,completed
729,125,2024-03-07,completed
730,194,2023-02-23,cancelled
731,16,2023-10-28,completed
732,392,2024-01-09,cancelled
733,211,2024-11-21,cancelled
734,80,2023-05-03,completed
735,477,2023-11-18,completed
736,206,2023-04-25,completed
737,85,2023-04-22,completed
738,278,2023-08-07,completed
739,124,2024-07-05,completed
740,257,2024-02-04,completed
741,301,2025-02-21,cancelled
742,453,2024-03-17,completed
743,149,2025-01-07,refunded
744,413,2023-01-31,completed
745,87,2024-08-28,completed
746,37,2024-01-02,cancelled
747,498,2025-09-26,completed
748,192,2023-06-20,cancelled
749,149,2025-02-08,completed
750,44,2024-01-05,completed
751,360,2025-09-02,completed
752,291,2023-03-06,refunded
753,139,2024-05-31,completed
754,42,2024-09-02,cancelled
755,459,2025-05-27,completed
756,182,2025-03-07,completed
757,256,2024-10-10,completed
758,382,2024-01-20,cancelled
759,417,2025-01-15,completed
760,181,2024-12-22,refunded
761,224,2025-02-20,completed
762,54,2025-10-13,refunded
763,101,2025-08-19,completed
764,260,2024-08-03,completed
765,8,2023-02-23,completed
766,285,2025-03-12,completed
767,224,2024-04-18,completed
768,105,2023-07-10,completed
769,317,2023-06-11,refunded
770,100,2024-05-17,cancelled
771,327,2023-07-31,completed
772,254,2025-01-10,completed
773,193,2024-10-04,cancelled
774,338,2023-03-06,completed
775,311,2023-03-02,refunded
776,461,2024-03-20,completed
777,489,2023-07-08,completed
778,352,2024-07-29,cancelled
779,85,2024-02-26,cancelled
780,220,2024-02-14,refunded
781,151,2024-12-22,cancelled
782,415,2024-10-22,cancelled
783,337,2025-01-31,completed
784,368,2024-11-04,completed
785,53,2024-07-23,refunded
786,417,2024-10-17,completed
787,216,2023-09-02,completed
788,467,2025-08-03,completed
789,36,2025-08-20,completed
790,202,2024-09-03,cancelled
791,25,2023-01-22,completed
792,46,2024-01-27,completed
793,169,2025-02-16,completed
794,442,2023-10-31,refunded
795,48,2024-06-24,completed
796,39,2025-10-09,completed
797,250,2023-08-03,completed
798,435,2025-10-30,completed
799,400,2025-03-30,completed
800,488,2023-07-29,completed
801,244,2025-07-16,completed
802,204,2025-10-25,cancelled
803,151,2024-01-23,cancelled
804,56,2023-04-13,completed
805,295,2024-06-29,completed
806,452,2025-04-08,cancelled
807,403,2024-02-21,completed
808,437,2024-05-03,completed
809,342,2025-08-29,cancelled
810,305,2024-12-22,cancelled
811,269,2025-10-27,completed
812,252,2024-12-19,refunded
813,457,2025-11-26,refunded
814,255,2023-03-05,completed
815,136,2024-12-15,completed
816,291,2024-12-11,completed
817,349,2023-11-04,refunded
818,8,2025-07-18,completed
819,3,2025-05-31,completed
820,450,2024-08-03,refunded
821,128,2025-03-02,cancelled
822,348,2024-10-22,refunded
823,103,2024-09-08,completed
824,401,2025-06-13,completed
825,219,2025-08-13,cancelled
826,315,2024-09-11,completed
827,414,2025-11-26,cancelled
828,139,2023-08-08,completed
829,70,2024-04-02,completed
830,1,2023-11-10,refunded
831,243,2023-02-20,refunded
832,440,2023-09-10,cancelled
833,420,2024-05-07,completed
834,201,2025-03-01,completed
835,298,2024-09-12,completed
836,179,2025-03-10,refunded
837,367,2023-10-14,completed
838,67,2024-10-25,refunded
839,479,2025-09-02,completed
840,387,2025-05-10,completed
841,434,2023-05-30,cancelled
842,56,2025-07-09,cancelled
843,130,2025-10-02,cancelled
844,45,2023-02-19,completed
845,291,2023-05-28,completed
846,257,2024-12-22,completed
847,401,2025-11-25,completed
848,308,2024-11-08,completed
849,447,2023-11-20,completed
850,317,2023-04-27,refunded
851,174,2025-05-13,completed
852,474,2023-05-08,completed
853,485,2023-09-23,completed
854,333,2024-12-18,cancelled
855,397,2024-02-06,refunded
856,71,2023-08-25,cancelled
857,181,2024-02-01,completed
858,448,2024-05-26,completed
859,145,2023-03-31,completed
860,337,2023-09-08,completed
861,460,2024-03-27,cancelled
862,164,2025-10-28,completed
863,41,2024-02-21,completed
864,488,2023-08-22,completed
865,254,2023-02-08,cancelled
866,339,2024-09-16,completed
867,401,2023-04-27,completed
868,68,2023-02-01,completed
869,186,2024-07-04,completed
870,5,2025-08-13,completed
871,460,2024-10-05,completed
872,76,2023-04-12,completed
873,297,2024-10-11,completed
874,260,2025-06-27,completed
875,168,2025-01-07,completed
876,477,2023-11-04,refunded
877,194,2023-03-08,completed
878,163,2024-07-05,completed
879,376,2025-04-19,completed
880,310,2024-04-16,cancelled
881,408,2024-08-10,completed
882,449,2025-07-18,completed
883,446,2023-03-11,cancelled
884,38,2023-09-29,refunded
885,370,2023-04-03,completed
886,376,2024-01-11,refunded
887,119,2024-08-31,cancelled
888,197,2024-10-14,completed
889,51,2024-12-12,completed
890,454,2023-12-13,completed
891,283,2025-11-07,completed
892,251,2023-02-22,completed
893,152,2023-08-13,completed
894,382,2024-03-31,completed
895,222,2023-07-25,refunded
896,345,2024-02-05,completed
897,2,2025-06-08,completed
898,327,2024-12-15,cancelled
899,307,2025-01-01,refunded
900,91,2025-08-09,completed
901,431,2025-09-28,refunded
902,346,2024-10-12,cancelled
903,373,2024-03-24,completed
904,294,2023-12-08,refunded
905,411,2025-02-15,completed
906,81,2025-03-21,completed
907,482,2023-01-28,completed
908,22,2023-11-18,completed
909,336,2025-03-31,completed
910,49,2025-03-12,completed
911,497,2025-08-23,cancelled
912,146,2025-11-03,completed
913,395,2024-04-20,cancelled
914,415,2023-06-21,completed
915,393,2025-10-07,completed
916,354,2024-03-04,refunded
917,218,2023-06-08,cancelled
918,86,2024-02-09,cancelled
919,254,2023-12-16,refunded
920,369,2024-07-09,refunded
921,266,2024-05-29,cancelled
922,163,2025-05-02,completed
923,356,2023-07-12,refunded
924,322,2023-01-29,completed
925,288,2024-02-19,completed
926,495,2025-08-27,completed
927,74,2023-12-04,cancelled
928,459,2023-04-17,completed
929,362,2025-08-29,completed
930,431,2025-06-14,refunded
931,395,2024-12-09,cancelled
932,192,2024-01-02,completed
933,49,2025-01-25,completed
934,498,2023-03-04,cancelled
935,362,2023-12-29,completed
936,327,2023-05-08,completed
937,171,2024-10-10,completed
938,43,2023-12-20,cancelled
939,353,2025-11-01,cancelled
940,141,2024-12-19,completed
941,94,2023-06-26,completed
942,42,2024-05-20,completed
943,362,2024-08-10,completed
944,91,2024-08-27,completed
945,80,2024-03-07,cancelled
946,359,2025-10-28,refunded
947,473,2023-08-25,refunded
948,166,2023-08-03,completed
949,173,2023-07-25,completed
950,375,2025-03-28,cancelled
951,248,2025-04-01,completed
952,219,2024-07-05,refunded
953,497,2023-07-05,completed
954,1,2023-10-30,completed
955,224,2023-07-04,completed
956,177,2023-07-24,cancelled
957,199,2023-09-21,completed
958,274,2023-05-27,completed
959,257,2023-01-04,refunded
960,48,2024-11-26,cancelled
961,199,2025-09-11,completed
962,352,2023-07-27,cancelled
963,66,2025-11-04,cancelled
964,218,2024-06-13,completed
965,273,2025-02-24,completed
966,25,2025-08-09,completed
967,26,2025-01-26,completed
968,9,2025-07-03,completed
969,90,2023-06-22,refunded
970,458,2024-07-16,completed
971,76,2023-07-27,cancelled
972,487,2024-06-10,completed
973,111,2025-06-13,completed
974,140,2023-01-11,cancelled
975,141,2024-06-30,cancelled
976,314,2024-08-12,refunded
977,178,2025-06-29,completed
978,324,2025-09-23,refunded
979,16,2023-11-16,refunded
980,311,2023-09-10,completed
981,215,2024-07-25,completed
982,388,2025-08-08,completed
983,350,2023-07-21,cancelled
984,485,2023-02-16,completed
985,189,2024-05-05,completed
986,296,2025-08-02,cancelled
987,408,2023-12-29,cancelled
988,4,2023-03-08,cancelled
989,247,2023-05-03,completed
990,54,2023-10-26,completed
991,136,2023-07-18,completed
992,176,2024-08-27,cancelled
993,390,2023-10-14,completed
994,345,2024-08-26,completed
995,15,2024-03-09,refunded
996,330,2023-11-16,refunded
997,176,2024-04-05,completed
998,256,2025-07-29,refunded
999,341,2023-03-09,cancelled
1000,139,2023-06-12,completed
1001,312,2024-06-28,refunded
1002,125,2025-09-04,cancelled
1003,164,2023-05-30,completed
1004,298,2025-05-30,completed
1005,324,2023-12-28,completed
1006,388,2024-01-09,cancelled
1007,254,2023-12-01,completed
1008,474,2025-06-26,completed
1009,351,2024-09-06,refunded
1010,403,2023-12-18,completed
1011,75,2024-09-19,completed
1012,3,2025-04-07,completed
1013,151,2025-02-03,completed
1014,55,2023-06-02,completed
1015,353,2025-09-24,completed
1016,276,2025-01-26,cancelled
1017,423,2023-11-07,completed
1018,396,2023-05-20,completed
1019,236,2025-01-11,completed
1020,62,2025-04-21,cancelled
1021,17,2025-10-29,completed
1022,313,2024-01-26,completed
1023,271,2025-06-04,completed
1024,78,2024-06-14,completed
1025,93,2023-07-26,completed
1026,156,2023-12-01,cancelled
1027,71,2025-06-19,completed
1028,102,2024-02-26,cancelled
1029,380,2025-01-03,completed
1030,4,2025-02-17,cancelled
1031,118,2023-06-22,cancelled
1032,91,2023-01-19,completed
1033,215,2023-12-20,completed
1034,207,2025-02-03,completed
1035,81,2023-07-25,completed
1036,213,2025-06-20,completed
1037,253,2024-02-06,completed
1038,368,2025-04-07,completed
1039,192,2023-10-25,refunded
1040,94,2023-01-30,completed
1041,166,2023-01-24,refunded
1042,226,2023-08-30,completed
1043,401,2025-01-18,cancelled
1044,49,2024-04-10,cancelled
1045,65,2024-12-12,completed
1046,102,2024-12-25,refunded
1047,326,2024-04-08,completed
1048,165,2023-10-06,completed
1049,473,2023-05-17,completed
1050,303,2024-02-01,completed
1051,228,2023-10-19,completed
1052,153,2023-09-13,refunded
1053,300,2023-12-11,cancelled
1054,446,2025-10-09,cancelled
1055,215,2024-05-29,completed
1056,300,2025-10-10,completed
1057,61,2024-05-03,completed
1058,417,2025-06-03,completed
1059,472,2025-04-24,completed
1060,167,2025-07-27,completed
1061,433,2025-10-20,completed
1062,328,2025-04-11,completed
1063,387,2023-11-23,completed
1064,102,2023-07-11,completed
1065,54,2024-08-24,refunded
1066,126,2024-04-07,cancelled
1067,494,2023-02-12,refunded
1068,362,2025-01-15,completed
1069,441,2024-05-20,refunded
1070,138,2023-04-19,cancelled
1071,245,2023-10-30,completed
1072,203,2024-03-16,cancelled
1073,292,2025-11-06,cancelled
1074,498,2023-04-19,completed
1075,333,2025-10-10,completed
1076,434,2024-12-04,completed
1077,451,2024-05-31,cancelled
1078,206,2024-02-15,completed
1079,451,2023-05-05,refunded
1080,494,2023-01-26,completed
1081,94,2024-03-23,completed
1082,457,2025-06-21,completed
1083,303,2025-11-27,completed
1084,481,2025-07-20,refunded
1085,97,2025-04-07,completed
1086,145,2024-10-18,completed
1087,13,2025-10-03,completed
1088,271,2023-03-27,completed
1089,274,2023-02-27,completed
1090,467,2024-03-15,completed
1091,24,2025-02-20,completed
1092,338,2024-11-08,completed
1093,452,2025-05-15,refunded
1094,143,2024-01-24,cancelled
1095,66,2024-04-01,completed
1096,94,2024-11-01,completed
1097,56,2023-09-02,cancelled
1098,66,2025-11-27,completed
1099,224,2025-01-29,cancelled
1100,394,2024-03-06,completed
1101,441,2024-05-28,completed
1102,259,2023-05-11,completed
1103,36,2024-05-18,refunded
1104,371,2024-10-20,completed
1105,196,2023-01-08,refunded
1106,391,2023-03-14,refunded
1107,314,2024-05-27,completed
1108,494,2025-03-06,completed
1109,22,2025-07-30,cancelled
1110,236,2025-07-15,cancelled
1111,112,2024-01-27,refunded
1112,330,2024-09-20,completed
1113,173,2023-11-17,cancelled
1114,329,2025-04-03,refunded
1115,162,2023-03-14,completed
1116,170,2023-07-04,completed
1117,299,2025-07-03,cancelled
1118,462,2023-11-08,completed
1119,340,2023-10-28,cancelled
1120,70,2025-02-19,cancelled
1121,458,2023-02-10,cancelled
1122,470,2023-11-03,completed
1123,9,2025-05-05,completed
1124,27,2024-05-04,completed
1125,283,2023-03-06,completed
1126,357,2025-02-07,completed
1127,369,2024-06-19,refunded
1128,442,2025-11-08,completed
1129,39,2023-12-29,completed
1130,5,2023-01-28,completed
1131,471,2023-06-16,completed
1132,406,2024-04-22,completed
1133,321,2024-01-30,cancelled
1134,148,2023-05-06,cancelled
1135,499,2024-02-09,completed
1136,96,2024-10-20,completed
1137,219,2024-05-28,completed
1138,32,2023-05-09,cancelled
1139,7,2023-06-30,completed
1140,256,2024-09-06,cancelled
1141,354,2024-12-23,cancelled
1142,79,2023-10-18,cancelled
1143,188,2023-01-29,cancelled
1144,49,2023-02-03,cancelled
1145,156,2024-07-22,completed
1146,250,2023-05-03,completed
1147,73,2024-04-26,refunded
1148,314,2023-09-07,refunded
1149,290,2025-08-27,completed
1150,108,2024-10-30,completed
1151,462,2023-09-18,completed
1152,197,2023-10-31,refunded
1153,406,2024-07-19,completed
1154,183,2025-09-15,refunded
1155,491,2023-09-04,completed
1156,405,2025-02-09,cancelled
1157,105,2023-10-23,completed
1158,239,2023-10-30,cancelled
1159,142,2024-02-10,refunded
1160,73,2024-10-07,cancelled
1161,166,2023-03-22,refunded
1162,72,2023-11-07,completed
1163,253,2025-03-31,refunded
1164,281,2023-07-03,completed
1165,330,2024-04-06,cancelled
1166,389,2024-04-21,completed
1167,262,2024-08-16,cancelled
1168,282,2023-05-20,completed
1169,179,2023-06-15,refunded
1170,137,2025-02-05,refunded
1171,334,2024-08-07,cancelled
1172,105,2024-01-14,completed
1173,389,2024-09-03,completed
1174,425,2024-01-06,completed
1175,309,2023-12-05,cancelled
1176,437,2023-03-05,refunded
1177,228,2025-02-20,refunded
1178,380,2025-02-02,completed
1179,135,2025-07-24,completed
1180,8,2023-08-19,completed
1181,33,2023-11-10,completed
1182,255,2025-06-04,cancelled
1183,369,2025-09-08,completed
1184,448,2025-06-10,refunded
1185,421,2025-08-25,refunded
1186,90,2025-04-02,completed
1187,454,2023-10-09,completed
1188,277,2023-11-23,refunded
1189,257,2023-03-27,refunded
1190,351,2024-11-16,cancelled
1191,281,2025-03-19,refunded
1192,458,2025-10-30,completed
1193,488,2024-01-27,completed
1194,96,2023-05-27,completed
1195,199,2025-02-06,completed
1196,164,2024-12-20,completed
1197,14,2025-02-17,completed
1198,195,2024-11-21,completed
1199,479,2025-11-02,cancelled
1200,238,2024-07-16,refunded
1201,438,2023-11-30,completed
1202,249,2024-05-25,completed
1203,175,2025-10-07,completed
1204,255,2025-01-20,cancelled
1205,326,2023-08-06,cancelled
1206,135,2025-01-02,cancelled
1207,45,2024-01-18,completed
1208,287,2023-03-23,completed
1209,31,2025-11-10,completed
1210,451,2023-10-08,completed
1211,246,2024-03-14,completed
1212,441,2023-05-20,cancelled
1213,31,2025-06-03,completed
1214,384,2023-09-18,cancelled
1215,222,2023-03-05,cancelled
1216,361,2023-10-26,completed
1217,262,2025-09-25,cancelled
1218,500,2024-12-02,refunded
1219,498,2024-09-19,completed
1220,411,2024-08-27,completed
1221,371,2024-08-19,completed
1222,126,2025-03-13,cancelled
1223,311,2023-05-28,completed
1224,97,2024-06-05,cancelled
1225,27,2025-05-25,cancelled
1226,390,2023-04-22,completed
1227,402,2023-07-16,cancelled
1228,58,2024-11-22,refunded
1229,78,2023-02-17,refunded
1230,64,2023-07-15,completed
1231,123,2024-09-23,cancelled
1232,365,2025-06-28,cancelled
1233,12,2024-07-10,completed
1234,311,2024-02-25,completed
1235,112,2024-10-05,completed
1236,232,2023-02-14,cancelled
1237,131,2024-12-14,completed
1238,434,2023-03-16,cancelled
1239,316,2023-04-13,completed
1240,151,2023-10-18,cancelled
1241,86,2023-05-17,completed
1242,281,2025-08-21,cancelled
1243,35,2023-07-27,completed
1244,274,2024-01-18,completed
1245,257,2025-10-30,completed
1246,126,2025-07-20,completed
1247,35,2025-02-11,completed
1248,282,2025-04-07,refunded
1249,413,2023-03-16,completed
1250,310,2025-04-24,cancelled
1251,223,2023-10-29,cancelled
1252,462,2024-04-10,cancelled
1253,238,2023-09-25,cancelled
1254,460,2023-07-27,completed
1255,421,2025-11-15,refunded
1256,85,2023-01-23,completed
1257,323,2025-01-30,completed
1258,411,2025-11-24,refunded
1259,19,2025-11-02,completed
1260,74,2023-10-19,completed
1261,113,2023-03-27,completed
1262,281,2024-06-06,completed
1263,373,2025-09-15,completed
1264,343,2025-07-30,completed
1265,223,2025-09-16,completed
1266,422,2023-10-31,refunded
1267,358,2025-11-01,completed
1268,486,2023-05-16,completed
1269,213,2025-08-27,completed
1270,208,2025-05-30,completed
1271,437,2023-06-19,completed
1272,253,2023-07-09,completed
1273,69,2024-08-19,completed
1274,20,2023-06-18,completed
1275,426,2024-08-05,completed
1276,255,2024-04-03,completed
1277,415,2025-07-15,completed
1278,237,2023-11-01,completed
1279,56,2025-07-08,completed
1280,368,2025-09-13,cancelled
1281,187,2023-11-17,cancelled
1282,431,2024-05-31,cancelled
1283,402,2024-10-24,cancelled
1284,491,2024-01-12,completed
1285,22,2023-10-15,completed
1286,173,2023-01-06,completed
1287,223,2023-03-22,cancelled
1288,302,2023-05-09,cancelled
1289,136,2024-09-06,completed
1290,272,2024-04-14,completed
1291,25,2023-06-05,completed
1292,474,2025-03-07,refunded
1293,485,2025-09-09,completed
1294,344,2024-06-10,cancelled
1295,186,2023-07-19,completed
1296,489,2024-05-05,completed
1297,247,2024-07-23,completed
1298,467,2023-06-26,completed
1299,16,2024-11-27,cancelled
1300,318,2025-09-17,refunded
1301,395,2025-07-26,cancelled
1302,97,2023-01-08,refunded
1303,442,2025-08-07,completed
1304,284,2024-11-28,completed
1305,29,2024-09-06,completed
1306,39,2025-10-17,completed
1307,477,2023-07-25,completed
1308,455,2023-09-11,completed
1309,459,2025-04-06,completed
1310,36,2023-07-13,refunded
1311,208,2023-08-07,completed
1312,95,2023-08-01,completed
1313,253,2024-05-02,completed
1314,467,2024-08-12,completed
1315,1,2023-08-23,cancelled
1316,119,2024-05-26,completed
1317,142,2023-08-19,refunded
1318,212,2023-08-08,completed
1319,211,2025-02-14,refunded
1320,251,2025-09-28,completed
1321,105,2025-04-26,completed
1322,301,2025-07-19,completed
1323,83,2025-09-10,completed
1324,138,2025-01-29,refunded
1325,461,2024-08-02,completed
1326,491,2023-02-10,completed
1327,301,2024-02-13,cancelled
1328,183,2025-08-23,completed
1329,105,2025-08-14,cancelled
1330,190,2023-07-18,completed
1331,48,2024-11-28,completed
1332,419,2024-03-19,cancelled
1333,219,2024-12-15,completed
1334,120,2023-04-03,completed
1335,32,2025-07-09,completed
1336,243,2025-02-13,completed
1337,392,2023-11-19,completed
1338,118,2023-12-07,completed
1339,313,2025-06-30,completed
1340,396,2025-08-10,completed
1341,266,2024-01-04,refunded
1342,276,2023-06-21,completed
1343,412,2024-03-27,completed
1344,17,2023-01-24,completed
1345,85,2023-06-16,completed
1346,404,2023-02-22,completed
1347,44,2023-10-30,refunded
1348,21,2025-11-04,cancelled
1349,177,2024-11-30,completed
1350,212,2023-11-02,completed
1351,28,2025-04-12,completed
1352,65,2023-05-13,completed
1353,134,2024-06-13,completed
1354,80,2023-05-15,completed
1355,125,2025-05-09,completed
1356,43,2025-08-04,completed
1357,404,2024-04-14,completed
1358,194,2024-09-22,cancelled
1359,189,2024-05-09,refunded
1360,123,2024-02-24,completed
1361,453,2023-09-08,cancelled
1362,49,2025-07-20,refunded
1363,111,2023-10-03,cancelled
1364,490,2023-06-21,refunded
1365,301,2023-08-07,completed
1366,136,2024-08-03,refunded
1367,189,2024-12-09,completed
1368,446,2024-08-10,completed
1369,418,2023-11-19,completed
1370,131,2023-03-16,completed
1371,399,2024-11-22,completed
1372,481,2023-03-28,completed
1373,204,2023-07-01,completed
1374,460,2024-11-28,completed
1375,293,2023-08-11,cancelled
1376,384,2023-03-24,completed
1377,153,2024-05-01,cancelled
1378,28,2023-07-29,completed
1379,479,2023-02-02,cancelled
1380,446,2024-08-30,refunded
1381,76,2024-11-07,refunded
1382,489,2023-12-25,completed
1383,398,2025-05-30,cancelled
1384,235,2025-05-05,completed
1385,337,2023-02-05,completed
1386,73,2025-06-08,completed
1387,279,2023-10-28,cancelled
1388,209,2023-05-30,completed
1389,345,2023-10-26,completed
1390,301,2024-09-28,refunded
1391,342,2025-11-18,cancelled
1392,42,2024-01-31,refunded
1393,42,2024-08-23,refunded
1394,397,2023-12-29,refunded
1395,374,2025-01-24,completed
1396,84,2023-04-30,cancelled
1397,306,2023-10-08,completed
1398,473,2025-02-26,completed
1399,480,2024-06-22,completed
1400,184,2023-12-17,completed
1401,435,2023-12-03,completed
1402,58,2024-03-24,cancelled
1403,240,2025-10-12,refunded
1404,443,2024-10-23,completed
1405,142,2024-08-06,completed
1406,274,2023-08-10,completed
1407,450,2025-10-03,refunded
1408,389,2025-05-22,completed
1409,492,2023-02-16,cancelled
1410,441,2025-10-13,completed
1411,338,2023-12-17,completed
1412,348,2025-01-19,completed
1413,268,2023-12-23,completed
1414,65,2023-03-19,completed
1415,260,2024-08-20,completed
1416,321,2025-11-05,cancelled
1417,47,2025-01-01,completed
1418,101,2024-01-18,completed
1419,259,2025-10-15,completed
1420,349,2023-01-02,cancelled
1421,27,2024-07-05,completed
1422,86,2024-07-26,refunded
1423,479,2025-03-16,cancelled
1424,405,2025-03-12,completed
1425,134,2023-06-13,completed
1426,200,2023-12-10,refunded
1427,115,2025-10-30,completed
1428,396,2024-08-11,completed
1429,468,2025-09-12,refunded
1430,202,2024-09-21,completed
1431,374,2023-12-22,completed
1432,492,2024-06-28,completed
1433,91,2025-07-24,cancelled
1434,185,2023-09-23,completed
1435,490,2024-10-26,refunded
1436,173,2024-07-26,refunded
1437,491,2023-09-01,completed
1438,328,2024-04-15,refunded
1439,107,2023-01-12,completed
1440,156,2024-08-05,refunded
1441,330,2025-04-26,completed
1442,148,2024-03-04,completed
1443,450,2023-01-15,completed
1444,368,2025-08-06,completed
1445,266,2023-06-28,cancelled
1446,238,2024-10-19,completed
1447,167,2023-10-19,refunded
1448,201,2023-04-19,refunded
1449,352,2024-03-16,completed
1450,296,2024-03-14,cancelled
1451,337,2023-06-04,completed
1452,360,2024-05-15,refunded
1453,149,2024-05-21,completed
1454,293,2023-12-24,cancelled
1455,170,2024-05-19,refunded
1456,77,2023-02-27,completed
1457,20,2023-04-02,completed
1458,122,2025-03-18,completed
1459,121,2025-03-05,completed
1460,399,2023-11-02,refunded
1461,245,2024-07-21,refunded
1462,43,2024-03-06,refunded
1463,61,2025-07-31,cancelled
1464,196,2025-04-04,completed
1465,70,2024-12-03,refunded
1466,107,2023-01-28,completed
1467,47,2024-08-05,completed
1468,66,2023-02-05,refunded
1469,415,2023-01-03,completed
1470,142,2024-01-26,cancelled
1471,391,2023-09-24,completed
1472,73,2025-09-13,completed
1473,307,2023-05-06,cancelled
1474,442,2023-02-15,cancelled
1475,176,2024-10-16,completed
1476,128,2023-05-01,completed
1477,289,2025-07-13,completed
1478,218,2023-12-20,completed
1479,57,2023-04-01,refunded
1480,107,2023-02-24,cancelled
1481,279,2023-01-27,refunded
1482,304,2023-03-04,completed
1483,53,2024-05-19,completed
1484,103,2025-03-31,completed
1485,290,2025-06-10,completed
1486,255,2023-03-02,completed
1487,344,2024-02-15,refunded
1488,181,2023-05-12,refunded
1489,207,2025-04-29,cancelled
1490,321,2023-02-21,completed
1491,64,2024-05-31,completed
1492,421,2024-07-06,refunded
1493,402,2023-12-19,completed
1494,328,2024-04-03,completed
1495,309,2024-08-22,completed
1496,293,2024-06-29,completed
1497,378,2025-11-21,refunded
1498,110,2025-08-14,completed
1499,323,2024-06-15,completed
1500,476,2025-11-06,completed
1501,274,2023-10-11,completed
1502,498,2025-11-04,completed
1503,164,2025-08-27,completed
1504,47,2023-06-22,completed
1505,341,2023-04-13,completed
1506,133,2023-07-01,refunded
1507,371,2025-02-11,completed
1508,150,2023-04-03,refunded
1509,137,2025-07-16,refunded
1510,82,2024-12-29,refunded
1511,258,2024-03-30,completed
1512,386,2025-06-30,refunded
1513,339,2023-12-01,completed
1514,471,2024-06-05,completed
1515,135,2023-09-13,refunded
1516,357,2024-08-15,completed
1517,241,2025-09-18,completed
1518,41,2025-06-25,completed
1519,280,2025-05-14,refunded
1520,175,2024-06-18,completed
1521,30,2025-09-05,completed
1522,37,2025-08-29,completed
1523,500,2023-09-15,completed
1524,414,2023-10-06,completed
1525,26,2024-10-31,cancelled
1526,443,2025-01-15,cancelled
1527,99,2025-11-03,refunded
1528,410,2025-04-08,cancelled
1529,173,2024-08-15,completed
1530,474,2023-04-20,completed
1531,494,2025-09-06,cancelled
1532,15,2023-08-01,completed
1533,274,2025-11-24,cancelled
1534,56,2025-08-29,refunded
1535,229,2023-10-04,cancelled
1536,374,2023-08-16,completed
1537,176,2024-04-11,cancelled
1538,284,2024-12-18,completed
1539,450,2024-06-02,completed
1540,334,2025-08-14,completed
1541,79,2025-07-05,completed
1542,331,2023-12-07,cancelled
1543,420,2023-05-30,cancelled
1544,493,2024-05-20,completed
1545,369,2025-10-27,completed
1546,440,2023-08-01,refunded
1547,147,2025-11-19,completed
1548,423,2024-03-06,refunded
1549,330,2023-09-10,completed
1550,297,2023-09-30,cancelled
1551,349,2023-10-09,completed
1552,426,2024-04-08,refunded
1553,484,2024-03-06,completed
1554,95,2024-04-16,completed
1555,223,2025-02-16,completed
1556,63,2023-01-23,refunded
1557,408,2023-07-10,completed
1558,333,2024-05-14,completed
1559,444,2024-10-09,completed
1560,428,2025-04-07,completed
1561,225,2023-06-02,completed
1562,498,2025-03-09,cancelled
1563,445,2023-06-27,completed
1564,315,2024-07-04,refunded
1565,284,2023-10-16,cancelled
1566,286,2025-12-01,refunded
1567,16,2025-01-29,refunded
1568,12,2023-06-28,completed
1569,284,2023-01-12,refunded
1570,236,2025-09-23,cancelled
1571,198,2024-01-14,completed
1572,312,2025-04-04,completed
1573,370,2025-01-20,completed
1574,427,2023-04-03,completed
1575,481,2023-04-12,completed
1576,109,2023-10-06,completed
1577,267,2025-11-24,completed
1578,215,2023-05-29,cancelled
1579,483,2023-05-01,completed
1580,433,2025-08-07,completed
1581,383,2023-03-31,completed
1582,23,2023-03-09,cancelled
1583,304,2024-10-04,completed
1584,288,2024-11-01,completed
1585,443,2025-04-24,completed
1586,429,2023-06-30,refunded
1587,79,2024-12-21,refunded
1588,447,2023-11-07,cancelled
1589,302,2024-03-24,completed
1590,196,2024-09-02,cancelled
1591,28,2025-07-01,cancelled
1592,181,2023-06-13,completed
1593,253,2024-09-25,completed
1594,413,2024-08-27,cancelled
1595,471,2024-04-23,completed
1596,225,2024-10-04,refunded
1597,173,2024-03-15,completed
1598,145,2023-03-31,cancelled
1599,361,2024-01-27,completed
1600,5,2025-03-15,completed
1601,450,2024-03-15,cancelled
1602,33,2023-05-28,refunded
1603,184,2024-12-09,completed
1604,18,2023-05-02,cancelled
1605,38,2025-03-03,cancelled
1606,367,2024-03-22,completed
1607,194,2023-11-18,completed
1608,195,2024-10-03,completed
1609,276,2024-06-05,completed
1610,8,2023-03-07,refunded
1611,126,2023-01-12,refunded
1612,407,2023-10-06,refunded
1613,405,2025-07-12,completed
1614,215,2024-01-02,completed
1615,237,2025-08-06,completed
1616,221,2023-12-11,completed
1617,396,2023-08-18,refunded
1618,285,2025-11-24,completed
1619,274,2024-03-18,completed
1620,264,2023-10-10,completed
1621,31,2024-05-31,completed
1622,499,2025-01-07,refunded
1623,113,2023-09-26,completed
1624,461,2023-09-25,refunded
1625,203,2024-02-08,completed
1626,236,2024-12-29,cancelled
1627,350,2023-06-01,cancelled
1628,62,2023-03-01,completed
1629,84,2023-11-05,refunded
1630,8,2025-10-23,completed
1631,197,2024-04-23,cancelled
1632,186,2023-05-04,completed
1633,310,2024-01-22,completed
1634,69,2025-06-07,completed
1635,403,2025-04-21,completed
1636,274,2025-10-06,refunded
1637,287,2024-11-24,completed
1638,187,2024-04-28,completed
1639,362,2025-01-19,refunded
1640,170,2025-07-17,cancelled
1641,190,2025-08-25,completed
1642,41,2023-12-29,completed
1643,95,2025-03-28,refunded
1644,94,2023-08-20,completed
1645,189,2023-09-01,completed
1646,127,2023-11-19,cancelled
1647,454,2024-09-24,completed
1648,116,2023-08-02,completed
1649,471,2023-12-09,completed
1650,470,2024-07-29,completed
1651,133,2024-06-30,cancelled
1652,100,2023-12-02,completed
1653,205,2024-10-25,cancelled
1654,143,2023-05-07,completed
1655,19,2023-02-21,completed
1656,340,2024-02-04,completed
1657,466,2023-03-13,completed
1658,364,2023-11-12,refunded
1659,424,2024-03-12,completed
1660,1,2024-08-11,completed
1661,219,2023-06-28,refunded
1662,311,2025-10-16,completed
1663,203,2023-07-24,completed
1664,245,2024-02-15,completed
1665,325,2023-08-06,refunded
1666,30,2025-02-11,completed
1667,140,2025-03-23,cancelled
1668,118,2024-09-16,completed
1669,340,2025-03-28,completed
1670,164,2024-05-29,refunded
1671,45,2025-05-26,completed
1672,140,2023-02-04,refunded
1673,231,2025-10-14,completed
1674,87,2025-06-09,completed
1675,374,2023-07-03,completed
1676,208,2023-03-16,refunded
1677,346,2023-02-27,cancelled
1678,122,2024-03-01,refunded
1679,489,2025-11-15,refunded
1680,432,2023-02-18,completed
1681,72,2025-05-11,refunded
1682,473,2024-09-25,completed
1683,12,2025-04-12,completed
1684,290,2025-05-23,refunded
1685,292,2025-02-17,completed
1686,180,2023-08-14,completed
1687,314,2025-03-16,completed
1688,382,2024-03-29,completed
1689,427,2024-06-13,completed
1690,25,2024-11-03,refunded
1691,458,2025-07-01,completed
1692,390,2023-03-30,cancelled
1693,323,2025-04-25,completed
1694,22,2024-09-10,completed
1695,55,2023-10-07,completed
1696,271,2025-03-13,completed
1697,484,2023-05-21,completed
1698,44,2023-05-29,completed
1699,440,2024-05-24,completed
1700,155,2024-04-20,cancelled
1701,292,2024-07-28,cancelled
1702,239,2024-06-23,completed
1703,80,2024-04-12,refunded
1704,385,2024-11-20,completed
1705,9,2023-10-03,completed
1706,210,2025-08-17,cancelled
1707,344,2025-05-26,cancelled
1708,398,2025-09-06,refunded
1709,467,2024-04-17,refunded
1710,152,2025-07-27,completed
1711,27,2025-02-03,completed
1712,423,2024-06-17,cancelled
1713,474,2024-06-24,completed
1714,93,2023-11-15,completed
1715,249,2024-05-25,completed
1716,62,2025-07-26,refunded
1717,343,2023-06-01,cancelled
1718,150,2023-03-15,completed
1719,89,2023-12-26,completed
1720,439,2024-08-15,completed
1721,303,2025-02-22,completed
1722,155,2025-06-25,completed
1723,11,2023-12-07,completed
1724,255,2024-06-11,refunded
1725,120,2024-07-02,completed
1726,42,2025-03-28,completed
1727,166,2025-04-20,completed
1728,120,2025-06-11,completed
1729,194,2023-06-05,completed
1730,115,2023-03-24,completed
1731,436,2023-11-07,completed
1732,276,2023-11-11,cancelled
1733,285,2023-04-30,cancelled
1734,91,2025-10-26,cancelled
1735,145,2025-03-28,completed
1736,152,2024-01-05,completed
1737,354,2023-05-11,completed
1738,47,2025-08-22,refunded
1739,113,2025-06-03,cancelled
1740,179,2024-02-07,completed
1741,126,2024-04-26,refunded
1742,432,2023-12-17,refunded
1743,456,2024-02-28,refunded
1744,453,2025-04-04,completed
1745,340,2025-11-01,completed
1746,460,2024-01-18,cancelled
1747,198,2023-07-14,completed
1748,319,2023-09-18,cancelled
1749,180,2025-10-15,completed
1750,189,2025-03-28,refunded
1751,316,2025-11-04,refunded
1752,138,2025-08-31,completed
1753,352,2025-10-16,completed
1754,211,2025-08-04,completed
1755,150,2023-02-27,completed
1756,61,2023-03-06,completed
1757,274,2024-06-01,completed
1758,135,2023-08-06,refunded
1759,1,2024-03-11,completed
1760,467,2025-01-02,cancelled
1761,222,2025-07-08,refunded
1762,272,2025-08-24,completed
1763,25,2024-04-17,completed
1764,489,2025-05-14,refunded
1765,467,2024-12-05,refunded
1766,121,2024-03-17,completed
1767,191,2024-04-01,refunded
1768,148,2024-11-13,completed
1769,66,2024-01-14,completed
1770,325,2025-08-06,cancelled
1771,317,2024-12-10,refunded
1772,349,2024-12-10,completed
1773,35,2023-04-23,completed
1774,307,2023-07-09,completed
1775,225,2024-08-28,completed
1776,171,2024-04-18,cancelled
1777,123,2024-01-09,cancelled
1778,260,2023-12-25,refunded
1779,5,2024-08-07,refunded
1780,168,2024-03-11,completed
1781,218,2025-09-06,completed
1782,478,2023-11-29,refunded
1783,323,2025-05-30,completed
1784,246,2024-04-11,refunded
1785,49,2023-06-24,refunded
1786,299,2025-01-29,cancelled
1787,169,2024-12-14,refunded
1788,226,2025-08-05,refunded
1789,475,2024-11-03,refunded
1790,54,2023-06-19,completed
1791,397,2023-06-17,refunded
1792,378,2023-12-08,completed
1793,422,2025-02-04,completed
1794,65,2025-03-19,completed
1795,128,2023-09-15,refunded
1796,294,2023-05-01,refunded
1797,451,2023-10-05,completed
1798,478,2025-10-13,completed
1799,108,2024-12-24,completed
1800,45,2024-11-15,cancelled
1801,52,2025-02-16,completed
1802,249,2024-01-08,cancelled
1803,279,2025-05-13,cancelled
1804,414,2024-06-06,completed
1805,458,2023-08-03,refunded
1806,20,2024-01-22,refunded
1807,447,2023-07-29,completed
1808,295,2025-04-23,refunded
1809,292,2023-12-22,completed
1810,276,2025-07-18,completed
1811,430,2024-07-08,completed
1812,227,2025-01-05,refunded
1813,8,2024-05-29,completed
1814,263,2025-05-08,completed
1815,404,2023-12-08,completed
1816,231,2025-08-03,completed
1817,29,2025-10-10,refunded
1818,319,2025-09-15,refunded
1819,301,2025-08-30,completed
1820,254,2024-09-03,completed
1821,52,2023-08-09,refunded
1822,280,2025-03-28,cancelled
1823,17,2024-11-17,completed
1824,6,2024-11-25,cancelled
1825,171,2023-01-26,completed
1826,56,2024-02-23,refunded
1827,13,2024-06-03,completed
1828,243,2023-01-13,cancelled
1829,389,2024-09-09,completed
1830,74,2024-12-02,completed
1831,299,2024-07-10,completed
1832,329,2024-12-24,completed
1833,41,2025-08-11,refunded
1834,180,2023-08-18,cancelled
1835,55,2023-08-15,completed
1836,406,2025-11-18,cancelled
1837,465,2023-01-20,refunded
1838,44,2025-06-14,completed
1839,312,2023-09-19,completed
1840,259,2023-11-20,completed
1841,96,2023-10-31,completed
1842,184,2024-11-04,completed
1843,281,2025-11-28,cancelled
1844,123,2023-08-16,refunded
1845,208,2023-01-06,completed
1846,379,2023-04-02,cancelled
1847,154,2023-06-18,refunded
1848,223,2023-09-01,completed
1849,340,2025-01-26,completed
1850,413,2023-01-25,completed
1851,229,2024-10-20,cancelled
1852,367,2023-04-20,completed
1853,415,2023-10-13,refunded
1854,229,2024-08-14,completed
1855,255,2024-06-20,completed
1856,82,2024-03-31,completed
1857,352,2025-05-07,completed
1858,341,2025-03-25,completed
1859,29,2024-06-25,cancelled
1860,16,2023-07-03,completed
1861,65,2023-03-02,completed
1862,372,2023-04-05,completed
1863,197,2023-02-21,completed
1864,180,2025-05-13,completed
1865,232,2023-01-08,refunded
1866,490,2025-06-24,cancelled
1867,297,2023-05-04,completed
1868,65,2024-04-26,completed
1869,486,2023-08-15,completed
1870,84,2024-12-31,completed
1871,280,2023-06-14,refunded
1872,173,2024-08-11,refunded
1873,434,2023-07-21,completed
1874,160,2024-02-06,completed
1875,61,2025-04-02,completed
1876,52,2025-10-31,cancelled
1877,84,2023-05-08,completed
1878,46,2024-07-19,completed
1879,124,2023-08-08,cancelled
1880,391,2025-04-29,completed
1881,351,2023-04-15,refunded
1882,40,2024-02-26,cancelled
1883,242,2023-12-07,refunded
1884,58,2025-04-30,completed
1885,129,2025-09-12,cancelled
1886,249,2024-11-24,completed
1887,94,2024-08-10,refunded
1888,17,2023-01-31,completed
1889,84,2023-09-06,cancelled
1890,342,2025-08-24,completed
1891,46,2024-10-21,completed
1892,199,2023-05-29,completed
1893,360,2023-08-19,refunded
1894,308,2023-06-02,completed
1895,244,2025-01-16,refunded
1896,2,2024-10-29,completed
1897,133,2023-11-15,cancelled
1898,165,2023-08-16,completed
1899,260,2023-07-21,completed
1900,10,2023-11-11,completed
1901,73,2023-03-17,completed
1902,105,2023-05-06,refunded
1903,51,2025-09-23,completed
1904,258,2024-10-26,cancelled
1905,171,2024-06-15,cancelled
1906,129,2023-10-06,completed
1907,107,2025-04-01,cancelled
1908,311,2023-04-17,cancelled
1909,265,2025-03-16,refunded
1910,178,2023-02-22,refunded
1911,99,2024-10-20,cancelled
1912,131,2023-11-22,cancelled
1913,124,2024-06-15,completed
1914,93,2023-05-03,completed
1915,428,2025-08-09,completed
1916,316,2025-01-31,completed
1917,482,2023-08-01,cancelled
1918,493,2023-01-29,completed
1919,280,2023-02-21,completed
1920,455,2024-12-02,completed
1921,212,2025-07-28,completed
1922,401,2025-06-27,cancelled
1923,491,2023-03-08,cancelled
1924,358,2024-03-24,refunded
1925,459,2023-08-30,cancelled
1926,500,2025-05-29,completed
1927,422,2023-12-18,cancelled
1928,106,2025-09-28,completed
1929,187,2025-04-25,completed
1930,85,2024-01-17,completed
1931,300,2024-04-06,completed
1932,491,2023-12-10,completed
1933,317,2024-04-08,completed
1934,320,2024-02-01,completed
1935,304,2025-05-23,completed
1936,63,2023-09-16,completed
1937,465,2023-10-02,completed
1938,102,2023-06-04,cancelled
1939,94,2024-07-03,completed
1940,52,2025-09-13,completed
1941,164,2023-11-06,refunded
1942,3,2023-11-21,refunded
1943,182,2024-04-16,completed
1944,154,2024-05-01,completed
1945,441,2023-09-26,completed
1946,359,2023-08-13,refunded
1947,22,2025-06-02,cancelled
1948,49,2025-01-03,refunded
1949,141,2023-04-28,refunded
1950,70,2025-04-08,completed
1951,65,2023-12-11,completed
1952,285,2023-11-22,completed
1953,374,2025-04-10,completed
1954,47,2023-12-14,completed
1955,404,2023-01-28,refunded
1956,471,2024-12-02,completed
1957,378,2023-06-22,refunded
1958,429,2025-08-07,completed
1959,356,2023-04-06,cancelled
1960,237,2025-09-22,completed
1961,201,2024-07-30,completed
1962,228,2025-05-21,completed
1963,7,2024-06-14,completed
1964,367,2023-07-23,cancelled
1965,236,2024-01-01,cancelled
1966,217,2024-03-02,completed
1967,262,2025-06-22,completed
1968,154,2024-01-10,completed
1969,396,2024-07-01,completed
1970,292,2023-01-23,completed
1971,287,2023-03-26,completed
1972,257,2024-11-21,completed
1973,298,2024-03-27,cancelled
1974,114,2025-07-22,refunded
1975,435,2025-08-15,completed
1976,481,2023-05-03,completed
1977,333,2025-02-27,completed
1978,362,2024-05-22,cancelled
1979,203,2025-09-16,cancelled
1980,359,2023-09-04,refunded
1981,398,2023-06-16,refunded
1982,112,2025-10-25,completed
1983,13,2024-10-06,completed
1984,425,2023-08-30,cancelled
1985,392,2023-06-09,refunded
1986,391,2023-11-30,refunded
1987,430,2023-06-14,refunded
1988,378,2023-01-13,refunded
1989,368,2024-04-25,completed
1990,397,2025-05-07,cancelled
1991,33,2024-11-27,refunded
1992,358,2023-10-28,completed
1993,348,2023-08-22,completed
1994,1,2024-02-14,cancelled
1995,28,2023-11-16,cancelled
1996,263,2023-03-06,refunded
1997,85,2025-04-29,refunded
1998,339,2023-02-09,cancelled
1999,329,2025-08-14,completed
2000,480,2023-08-19,refunded
2001,69,2023-02-04,completed
2002,167,2025-02-20,completed
2003,377,2024-08-27,completed
2004,481,2023-11-16,completed
2005,333,2025-07-08,completed
2006,69,2024-09-23,completed
2007,399,2024-07-24,completed
2008,448,2025-07-14,cancelled
2009,211,2023-11-08,completed
2010,310,2025-04-15,completed
2011,95,2023-12-06,cancelled
2012,97,2024-12-07,cancelled
2013,443,2025-03-29,refunded
2014,269,2023-12-20,completed
2015,65,2025-04-04,completed
2016,26,2025-08-13,cancelled
2017,380,2024-04-09,completed
2018,105,2025-11-23,refunded
2019,153,2023-11-24,completed
2020,426,2024-04-20,completed
2021,274,2023-09-27,completed
2022,230,2025-04-16,cancelled
2023,293,2024-11-13,cancelled
2024,159,2024-05-22,completed
2025,436,2025-04-08,completed
2026,101,2023-12-14,completed
2027,303,2024-02-11,refunded
2028,147,2023-01-01,completed
2029,355,2025-08-21,cancelled
2030,471,2025-01-01,completed
2031,498,2024-06-07,completed
2032,134,2024-07-09,refunded
2033,146,2023-01-24,refunded
2034,277,2024-07-19,completed
2035,349,2024-03-04,refunded
2036,338,2025-06-29,refunded
2037,370,2024-04-29,completed
2038,391,2025-06-03,cancelled
2039,497,2023-03-29,refunded
2040,41,2023-07-08,completed
2041,276,2024-07-18,refunded
2042,305,2025-04-05,completed
2043,308,2025-08-21,completed
2044,41,2025-06-27,completed
2045,412,2025-03-04,cancelled
2046,168,2025-02-08,completed
2047,192,2025-09-22,refunded
2048,203,2025-03-21,completed
2049,6,2024-03-19,refunded
2050,328,2023-03-01,completed
2051,388,2025-01-29,refunded
2052,69,2025-08-07,completed
2053,383,2024-07-30,completed
2054,323,2024-12-18,refunded
2055,444,2023-12-10,refunded
2056,7,2024-04-25,cancelled
2057,431,2023-10-13,completed
2058,181,2023-05-09,completed
2059,415,2023-07-12,completed
2060,39,2024-03-04,completed
2061,356,2025-08-15,refunded
2062,327,2025-03-25,cancelled
2063,199,2023-09-10,refunded
2064,281,2023-01-15,completed
2065,413,2023-07-25,refunded
2066,98,2023-10-22,refunded
2067,472,2023-10-01,completed
2068,133,2023-12-05,cancelled
2069,24,2023-10-07,completed
2070,217,2024-01-22,completed
2071,254,2023-05-25,refunded
2072,460,2025-03-07,completed
2073,367,2025-03-16,completed
2074,468,2023-09-20,cancelled
2075,476,2024-09-03,cancelled
2076,2,2024-02-29,refunded
2077,323,2024-08-12,completed
2078,68,2025-10-12,completed
2079,260,2023-12-09,cancelled
2080,432,2023-03-23,completed
2081,294,2025-07-06,completed
2082,432,2023-06-08,completed
2083,397,2025-06-12,completed
2084,67,2023-07-26,completed
2085,9,2023-01-09,completed
2086,419,2024-09-14,cancelled
2087,367,2025-08-02,refunded
2088,169,2024-08-17,completed
2089,240,2024-07-09,cancelled
2090,264,2025-05-27,cancelled
2091,104,2025-03-19,completed
2092,43,2025-02-25,cancelled
2093,183,2024-10-14,cancelled
2094,181,2023-07-24,completed
2095,173,2025-04-29,refunded
2096,181,2024-06-06,completed
2097,134,2023-05-21,refunded
2098,421,2025-08-20,completed
2099,100,2023-04-04,refunded
2100,409,2024-11-12,completed
2101,422,2025-09-01,refunded
2102,108,2025-01-12,cancelled
2103,385,2025-10-04,completed
2104,1,2023-12-12,refunded
2105,267,2024-07-28,refunded
2106,117,2023-07-17,refunded
2107,263,2025-05-21,completed
2108,126,2024-03-26,completed
2109,150,2025-11-23,completed
2110,197,2025-04-05,completed
2111,399,2023-10-28,cancelled
2112,478,2025-05-10,completed
2113,231,2025-10-26,refunded
2114,19,2025-05-27,completed
2115,298,2024-10-23,completed
2116,161,2024-10-04,completed
2117,165,2025-10-08,refunded
2118,208,2024-03-06,refunded
2119,205,2023-06-12,completed
2120,324,2024-11-14,completed
2121,199,2023-03-17,completed
2122,400,2023-10-28,refunded
2123,125,2024-10-09,completed
2124,7,2025-09-24,cancelled
2125,52,2024-10-23,completed
2126,330,2023-07-11,refunded
2127,261,2024-03-04,completed
2128,487,2023-04-16,completed
2129,275,2025-06-28,completed
2130,276,2023-04-20,completed
2131,135,2025-04-23,cancelled
2132,34,2025-06-03,completed
2133,445,2023-09-01,completed
2134,364,2023-03-19,completed
2135,193,2025-02-02,completed
2136,150,2025-02-26,cancelled
2137,279,2024-08-03,completed
2138,7,2023-11-27,completed
2139,331,2024-08-10,completed
2140,358,2023-04-30,refunded
2141,275,2025-04-09,completed
2142,497,2023-03-02,refunded
2143,212,2025-06-10,completed
2144,143,2023-12-23,completed
2145,315,2023-03-23,completed
2146,184,2023-02-03,completed
2147,141,2024-08-24,completed
2148,452,2024-09-21,completed
2149,35,2024-12-31,cancelled
2150,436,2024-06-22,completed
2151,176,2023-05-11,completed
2152,274,2024-04-13,refunded
2153,130,2025-01-09,completed
2154,48,2023-08-23,completed
2155,299,2024-10-21,completed
2156,27,2025-02-04,refunded
2157,44,2024-10-01,completed
2158,249,2023-06-08,refunded
2159,430,2023-04-19,cancelled
2160,483,2024-06-23,completed
2161,28,2024-01-14,refunded
2162,50,2024-08-15,completed
2163,53,2024-10-07,completed
2164,458,2024-05-26,completed
2165,25,2025-02-01,cancelled
2166,436,2023-06-04,completed
2167,99,2024-04-11,completed
2168,172,2025-04-23,completed
2169,220,2023-01-11,completed
2170,374,2024-12-31,completed
2171,426,2024-04-20,completed
2172,137,2025-09-26,cancelled
2173,318,2025-05-03,cancelled
2174,208,2025-01-29,completed
2175,174,2024-03-02,refunded
2176,473,2023-11-05,completed
2177,329,2025-07-26,cancelled
2178,139,2024-03-11,completed
2179,375,2023-10-29,completed
2180,202,2025-11-21,completed
2181,242,2023-12-07,completed
2182,285,2023-10-14,cancelled
2183,204,2024-02-07,refunded
2184,384,2023-12-03,cancelled
2185,236,2023-10-12,refunded
2186,368,2024-08-21,refunded
2187,17,2023-08-03,cancelled
2188,403,2023-02-26,completed
2189,140,2024-07-10,completed
2190,423,2024-06-27,completed
2191,20,2023-06-01,completed
2192,272,2025-05-04,cancelled
2193,383,2023-05-29,refunded
2194,164,2024-02-09,completed
2195,41,2024-10-25,cancelled
2196,405,2025-10-11,completed
2197,156,2025-08-08,completed
2198,68,2025-07-29,completed
2199,252,2025-02-18,completed
2200,63,2024-08-09,completed
2201,39,2024-05-01,completed
2202,209,2024-06-02,completed
2203,325,2025-01-14,completed
2204,260,2024-03-28,completed
2205,232,2024-12-13,cancelled
2206,437,2024-01-13,cancelled
2207,200,2025-04-07,completed
2208,340,2023-03-29,completed
2209,261,2025-05-12,completed
2210,210,2023-05-01,completed
2211,242,2025-04-14,completed
2212,72,2024-04-14,completed
2213,184,2024-08-31,completed
2214,232,2023-08-26,completed
2215,100,2024-10-14,cancelled
2216,406,2025-06-13,completed
2217,307,2025-08-09,refunded
2218,319,2024-08-12,completed
2219,148,2025-08-19,refunded
2220,198,2024-03-30,completed
2221,114,2025-06-29,completed
2222,283,2024-10-23,completed
2223,309,2025-05-30,refunded
2224,312,2025-05-28,completed
2225,388,2024-07-13,completed
2226,215,2023-05-22,completed
2227,328,2025-03-25,completed
2228,346,2024-01-13,completed
2229,393,2023-03-07,completed
2230,369,2024-11-08,completed
2231,235,2024-07-31,refunded
2232,84,2024-07-22,completed
2233,184,2024-01-07,completed
2234,24,2024-07-26,completed
2235,81,2023-07-23,cancelled
2236,45,2025-04-14,cancelled
2237,310,2024-03-05,cancelled
2238,65,2024-12-27,completed
2239,273,2025-01-03,completed
2240,296,2024-05-05,completed
2241,310,2023-05-07,completed
2242,221,2023-07-23,cancelled
2243,367,2024-07-29,cancelled
2244,182,2024-09-25,completed
2245,70,2024-04-24,completed
2246,376,2024-08-12,completed
2247,499,2025-10-18,cancelled
2248,35,2023-09-14,completed
2249,68,2024-05-18,completed
2250,198,2025-09-05,cancelled
2251,102,2025-09-22,completed
2252,43,2023-06-20,completed
2253,481,2024-05-16,cancelled
2254,107,2023-10-21,completed
2255,53,2025-10-02,refunded
2256,459,2024-03-06,refunded
2257,412,2024-12-24,completed
2258,94,2024-07-26,completed
2259,477,2025-03-01,refunded
2260,426,2023-09-04,completed
2261,168,2025-02-23,refunded
2262,92,2024-04-18,completed
2263,351,2024-07-05,completed
2264,445,2025-01-30,completed
2265,282,2023-01-13,completed
2266,358,2023-04-17,cancelled
2267,333,2023-10-02,completed
2268,356,2023-04-25,refunded
2269,203,2024-02-08,cancelled
2270,3,2023-08-20,completed
2271,258,2024-07-03,completed
2272,12,2025-11-09,completed
2273,457,2025-06-09,refunded
2274,444,2024-01-20,completed
2275,40,2023-08-10,completed
2276,147,2024-06-06,completed
2277,33,2024-12-14,cancelled
2278,141,2025-11-20,completed
2279,265,2024-10-12,cancelled
2280,47,2023-03-18,completed
2281,55,2025-01-19,refunded
2282,82,2025-04-27,completed
2283,183,2023-05-18,refunded
2284,297,2025-11-08,completed
2285,287,2023-03-30,completed
2286,418,2024-02-19,completed
2287,92,2025-09-07,cancelled
2288,327,2025-01-29,completed
2289,496,2024-05-03,completed
2290,407,2025-08-31,cancelled
2291,66,2025-09-11,refunded
2292,424,2023-10-17,completed
2293,179,2025-09-17,cancelled
2294,193,2025-01-17,refunded
2295,148,2024-06-28,completed
2296,480,2024-07-30,completed
2297,390,2024-06-13,completed
2298,253,2023-08-23,completed
2299,215,2023-01-19,completed
2300,164,2024-08-14,refunded
2301,197,2024-05-11,refunded
2302,419,2025-04-14,cancelled
2303,276,2024-11-13,completed
2304,280,2025-03-12,completed
2305,45,2023-02-19,refunded
2306,451,2024-02-10,completed
2307,465,2023-04-30,completed
2308,284,2025-06-27,refunded
2309,270,2024-04-17,completed
2310,362,2024-03-27,cancelled
2311,263,2023-06-18,completed
2312,400,2025-07-28,completed
2313,346,2024-05-15,completed
2314,342,2025-05-14,refunded
2315,416,2025-09-21,cancelled
2316,337,2024-03-19,cancelled
2317,45,2025-03-23,completed
2318,264,2025-11-20,completed
2319,238,2024-08-19,refunded
2320,223,2024-10-22,refunded
2321,64,2025-06-21,completed
2322,411,2023-07-10,refunded
2323,135,2024-07-06,refunded
2324,321,2024-04-22,completed
2325,175,2023-01-28,completed
2326,83,2024-04-10,completed
2327,328,2024-02-05,completed
2328,133,2025-07-13,completed
2329,453,2023-07-08,completed
2330,369,2025-02-18,refunded
2331,144,2025-02-18,cancelled
2332,339,2024-12-24,refunded
2333,79,2023-03-02,cancelled
2334,395,2024-03-23,completed
2335,391,2024-09-17,completed
2336,206,2025-08-07,completed
2337,89,2024-02-06,refunded
2338,465,2023-10-18,refunded
2339,216,2023-10-10,completed
2340,160,2024-03-05,completed
2341,423,2024-04-03,cancelled
2342,337,2024-12-23,refunded
2343,454,2025-08-01,completed
2344,355,2023-04-15,refunded
2345,133,2025-06-02,completed
2346,425,2025-01-02,completed
2347,96,2023-08-09,cancelled
2348,342,2024-10-12,cancelled
2349,453,2023-07-27,completed
2350,218,2024-04-24,completed
2351,172,2023-03-08,completed
2352,144,2024-04-14,refunded
2353,153,2025-01-20,completed
2354,68,2025-08-23,completed
2355,303,2023-02-19,completed
2356,116,2023-06-23,completed
2357,165,2023-02-02,cancelled
2358,310,2023-09-17,cancelled
2359,261,2023-08-17,cancelled
2360,375,2025-10-28,cancelled
2361,51,2024-05-19,cancelled
2362,396,2023-02-25,completed
2363,330,2024-08-21,completed
2364,6,2023-12-30,completed
2365,455,2024-03-12,completed
2366,122,2023-04-08,completed
2367,351,2025-07-29,completed
2368,39,2024-05-13,refunded
2369,126,2024-07-29,cancelled
2370,82,2023-11-01,completed
2371,89,2023-03-06,refunded
2372,114,2025-04-30,completed
2373,308,2023-01-26,cancelled
2374,12,2024-12-25,completed
2375,468,2023-01-19,cancelled
2376,138,2025-01-17,completed
2377,319,2024-06-26,completed
2378,174,2025-03-08,completed
2379,124,2024-12-26,cancelled
2380,392,2025-02-20,cancelled
2381,383,2024-08-09,completed
2382,155,2024-08-31,cancelled
2383,37,2025-07-25,cancelled
2384,90,2023-07-29,completed
2385,107,2025-05-01,completed
2386,194,2024-04-18,completed
2387,206,2024-04-09,completed
2388,197,2024-11-06,refunded
2389,297,2023-07-12,completed
2390,229,2025-03-31,completed
2391,83,2023-10-04,completed
2392,482,2023-01-20,cancelled
2393,324,2024-10-03,cancelled
2394,87,2025-08-02,completed
2395,112,2025-09-26,refunded
2396,256,2023-06-07,cancelled
2397,411,2024-02-03,cancelled
2398,40,2025-08-20,refunded
2399,384,2024-08-28,completed
2400,310,2023-11-12,completed
2401,166,2023-05-17,completed
2402,357,2025-03-20,completed
2403,112,2023-04-18,refunded
2404,334,2025-05-27,completed
2405,360,2023-08-09,cancelled
2406,261,2023-05-12,completed
2407,15,2025-09-06,completed
2408,362,2024-01-05,completed
2409,416,2023-05-06,cancelled
2410,161,2024-09-23,completed
2411,138,2023-12-11,completed
2412,225,2025-04-22,completed
2413,214,2024-07-15,completed
2414,164,2024-09-29,completed
2415,14,2024-02-13,completed
2416,365,2025-02-20,cancelled
2417,48,2024-05-27,completed
2418,402,2024-09-17,completed
2419,345,2023-12-30,refunded
2420,132,2024-03-03,cancelled
2421,375,2023-03-18,refunded
2422,169,2024-12-04,completed
2423,432,2023-01-17,completed
2424,208,2024-11-03,completed
2425,70,2025-11-07,cancelled
2426,342,2025-02-11,refunded
2427,359,2023-02-15,cancelled
2428,409,2024-06-17,cancelled
2429,246,2025-01-04,cancelled
2430,352,2023-07-16,cancelled
2431,497,2025-01-23,refunded
2432,249,2024-12-03,completed
2433,37,2025-08-23,refunded
2434,166,2025-10-01,cancelled
2435,323,2025-04-22,completed
2436,10,2023-06-23,completed
2437,308,2024-11-13,completed
2438,25,2024-03-18,cancelled
2439,130,2024-09-14,completed
2440,120,2023-08-03,refunded
2441,226,2025-05-13,completed
2442,144,2025-01-01,cancelled
2443,483,2025-03-14,cancelled
2444,314,2024-07-12,completed
2445,229,2025-07-30,completed
2446,239,2025-05-09,refunded
2447,158,2025-06-30,completed
2448,334,2024-03-01,completed
2449,372,2025-11-02,completed
2450,336,2025-05-15,completed
2451,17,2023-01-28,completed
2452,300,2025-01-10,cancelled
2453,427,2024-10-05,completed
2454,384,2025-07-06,completed
2455,262,2025-09-24,completed
2456,380,2025-02-02,completed
2457,360,2024-04-21,completed
2458,217,2024-08-08,completed
2459,130,2023-04-23,completed
2460,17,2024-09-23,cancelled
2461,233,2025-10-21,completed
2462,97,2024-11-01,refunded
2463,43,2025-04-12,cancelled
2464,105,2023-07-04,completed
2465,101,2024-07-01,cancelled
2466,327,2023-12-10,completed
2467,185,2025-11-28,completed
2468,273,2023-07-07,refunded
2469,444,2025-02-27,completed
2470,295,2025-08-06,completed
2471,264,2024-10-05,completed
2472,43,2024-11-11,completed
2473,31,2024-09-21,completed
2474,458,2023-04-08,refunded
2475,384,2024-09-17,completed
2476,175,2023-11-09,completed
2477,354,2023-07-11,completed
2478,69,2023-09-10,cancelled
2479,476,2025-04-03,completed
2480,294,2023-06-26,completed
2481,253,2023-09-23,completed
2482,316,2025-10-07,completed
2483,152,2024-11-16,completed
2484,9,2025-02-17,completed
2485,434,2024-09-07,cancelled
2486,132,2023-06-20,refunded
2487,413,2023-10-03,completed
2488,200,2023-04-18,cancelled
2489,453,2023-06-30,completed
2490,341,2025-07-04,completed
2491,487,2024-08-16,completed
2492,415,2023-04-08,completed
2493,491,2025-04-17,cancelled
2494,65,2025-03-17,cancelled
2495,443,2025-11-11,refunded
2496,397,2024-01-16,completed
2497,224,2025-11-10,refunded
2498,10,2025-03-28,completed
2499,172,2023-10-28,completed
2500,460,2024-12-06,completed
