payment_id,order_id,payment_date,amount,payment_method
1,1,2024-06-07,708.48,card
2,2,2025-02-11,1511.19,paypal
3,2,2025-02-20,-1511.19,refund
4,4,2024-05-06,1125.26,bank_transfer
5,4,2024-05-25,-1125.26,refund
6,6,2024-10-19,474.24,cash_on_delivery
7,7,2023-11-11,533.06,cash_on_delivery
8,9,2025-09-28,1342.4,card
9,10,2023-11-09,243.47,cash_on_delivery
10,11,2023-01-14,1805.51,card
11,11,2023-02-02,-1805.51,refund
12,12,2024-05-09,1483.76,paypal
13,13,2023-06-18,44.36,cash_on_delivery
14,14,2023-01-22,211.0,card
15,15,2023-03-29,356.55,card
16,16,2024-07-28,702.22,bank_transfer
17,16,2024-08-05,-702.22,refund
18,17,2024-05-07,1808.55,card
19,17,2024-05-23,-1808.55,refund
20,18,2023-06-06,2524.26,bank_transfer
21,20,2024-08-28,383.94,cash_on_delivery
22,22,2024-07-09,796.72,card
23,23,2023-07-03,807.92,paypal
24,25,2023-10-29,558.82,card
25,26,2024-06-02,704.17,bank_transfer
26,27,2025-02-20,443.86,bank_transfer
27,28,2025-03-29,850.42,bank_transfer
28,29,2025-03-16,76.32,card
29,30,2025-08-05,1210.33,paypal
30,32,2023-06-24,144.34,cash_on_delivery
31,34,2024-03-31,4430.16,card
32,34,2024-04-18,-4430.16,refund
33,36,2024-10-03,1379.79,bank_transfer
34,37,2024-09-06,344.22,paypal
35,38,2024-05-15,404.37,paypal
36,38,2024-05-30,-404.37,refund
37,39,2024-01-13,1066.94,paypal
38,40,2024-07-26,1269.7,cash_on_delivery
39,41,2024-10-05,2953.99,bank_transfer
40,41,2024-10-10,-2953.99,refund
41,42,2023-10-02,12.24,paypal
42,43,2023-10-19,3489.32,paypal
43,43,2023-11-08,-3489.32,refund
44,44,2025-10-01,808.49,card
45,45,2023-10-10,4012.72,paypal
46,46,2023-03-08,1013.92,card
47,47,2023-08-24,1255.05,card
48,48,2024-06-23,26.82,paypal
49,49,2024-12-21,717.87,bank_transfer
50,49,2025-01-10,-717.87,refund
51,50,2024-10-24,1080.47,bank_transfer
52,51,2023-09-20,452.87,cash_on_delivery
53,53,2025-09-27,2098.15,cash_on_delivery
54,55,2024-12-04,274.96,card
55,57,2025-01-08,18.46,cash_on_delivery
56,58,2024-09-18,1540.84,paypal
57,59,2025-06-30,485.67,cash_on_delivery
58,61,2023-07-30,816.9,card
59,62,2023-01-19,387.04,cash_on_delivery
60,62,2023-01-28,-387.04,refund
61,63,2023-07-27,619.84,cash_on_delivery
62,64,2023-10-15,525.63,paypal
63,65,2025-03-16,243.42,cash_on_delivery
64,68,2024-06-23,103.42,bank_transfer
65,70,2025-11-15,325.39,cash_on_delivery
66,71,2024-05-06,174.9,card
67,72,2023-12-26,333.24,paypal
68,73,2024-12-12,849.1,cash_on_delivery
69,73,2024-12-23,-849.1,refund
70,74,2023-05-12,857.64,bank_transfer
71,75,2023-07-30,35.64,card
72,75,2023-08-09,-35.64,refund
73,76,2025-08-25,543.68,cash_on_delivery
74,77,2024-10-17,1789.59,card
75,78,2024-04-03,11.09,bank_transfer
76,78,2024-04-15,-11.09,refund
77,79,2023-06-28,1162.44,cash_on_delivery
78,79,2023-07-07,-1162.44,refund
79,80,2024-05-17,152.64,paypal
80,81,2024-12-11,1290.79,paypal
81,82,2025-10-05,263.6,cash_on_delivery
82,85,2023-09-28,820.59,bank_transfer
83,86,2023-06-02,501.94,paypal
84,87,2025-08-14,1286.68,card
85,88,2023-11-19,745.96,bank_transfer
86,89,2023-12-24,943.51,card
87,90,2023-05-07,699.5,bank_transfer
88,91,2023-06-04,541.4,card
89,92,2024-11-11,3.53,cash_on_delivery
90,94,2024-12-26,389.08,bank_transfer
91,95,2025-04-25,546.62,card
92,95,2025-05-10,-546.62,refund
93,97,2024-03-24,609.01,paypal
94,98,2024-05-09,602.0,bank_transfer
95,99,2025-01-06,499.86,paypal
96,99,2025-01-15,-499.86,refund
97,100,2025-10-07,653.66,paypal
98,100,2025-10-10,-653.66,refund
99,101,2025-09-07,454.56,card
100,102,2023-10-31,1209.51,cash_on_delivery
101,102,2023-11-06,-1209.51,refund
102,103,2024-09-12,1417.48,paypal
103,104,2024-12-31,1450.29,paypal
104,105,2024-10-13,629.82,bank_transfer
105,105,2024-10-18,-629.82,refund
106,106,2024-12-14,207.86,card
107,107,2024-03-05,500.1,card
108,109,2025-09-09,152.36,card
109,109,2025-09-22,-152.36,refund
110,110,2023-08-05,212.78,cash_on_delivery
111,112,2023-07-29,970.77,paypal
112,114,2025-09-11,41.52,bank_transfer
113,115,2025-08-30,1584.29,paypal
114,116,2025-02-23,233.6,bank_transfer
115,117,2024-07-04,78.87,bank_transfer
116,117,2024-07-24,-78.87,refund
117,118,2024-04-12,493.4,cash_on_delivery
118,118,2024-05-02,-493.4,refund
119,119,2025-09-01,433.94,card
120,119,2025-09-20,-433.94,refund
121,120,2025-11-25,675.28,card
122,120,2025-12-11,-675.28,refund
123,121,2023-11-01,1240.09,cash_on_delivery
124,121,2023-11-21,-1240.09,refund
125,122,2024-07-19,1209.35,card
126,122,2024-07-25,-1209.35,refund
127,123,2023-07-29,1853.79,paypal
128,124,2025-04-04,841.85,card
129,125,2024-09-14,638.45,cash_on_delivery
130,126,2024-10-21,1015.2,card
131,127,2023-11-23,367.68,paypal
132,128,2023-05-01,206.69,paypal
133,130,2025-08-29,3379.69,paypal
134,130,2025-09-08,-3379.69,refund
135,131,2024-04-07,968.83,paypal
136,132,2023-01-20,795.15,cash_on_delivery
137,134,2025-02-06,848.96,bank_transfer
138,134,2025-02-18,-848.96,refund
139,135,2023-11-06,225.21,paypal
140,135,2023-11-09,-225.21,refund
141,136,2025-10-17,628.68,paypal
142,137,2025-09-03,846.12,paypal
143,138,2024-11-20,91.28,bank_transfer
144,141,2023-04-22,825.4,bank_transfer
145,142,2024-01-06,469.27,paypal
146,145,2024-01-27,83.56,bank_transfer
147,146,2023-09-25,786.51,bank_transfer
148,147,2023-10-03,615.29,paypal
149,148,2023-02-16,1666.52,card
150,148,2023-02-19,-1666.52,refund
151,150,2025-05-11,1315.36,cash_on_delivery
152,151,2024-02-16,1369.0,paypal
153,152,2023-01-28,662.04,card
154,153,2025-11-14,93.33,cash_on_delivery
155,155,2023-03-22,780.36,card
156,156,2023-10-13,799.35,paypal
157,158,2023-05-04,674.96,paypal
158,159,2025-02-19,1420.27,card
159,160,2024-06-21,333.24,card
160,162,2023-11-19,665.2,bank_transfer
161,162,2023-11-23,-665.2,refund
162,163,2024-04-02,430.82,cash_on_delivery
163,163,2024-04-15,-430.82,refund
164,164,2025-10-15,44.36,card
165,165,2023-07-06,747.81,cash_on_delivery
166,165,2023-07-19,-747.81,refund
167,166,2025-08-28,2060.23,bank_transfer
168,167,2023-08-08,349.06,paypal
169,169,2025-05-01,2485.53,paypal
170,170,2023-12-25,118.08,cash_on_delivery
171,171,2024-05-25,589.98,paypal
172,172,2024-03-07,699.48,card
173,172,2024-03-21,-699.48,refund
174,173,2025-09-11,1021.04,paypal
175,173,2025-09-15,-1021.04,refund
176,174,2023-04-26,670.92,bank_transfer
177,175,2023-03-08,398.31,cash_on_delivery
178,176,2025-05-05,1796.77,cash_on_delivery
179,177,2023-06-02,122.37,cash_on_delivery
180,178,2024-06-27,866.08,cash_on_delivery
181,179,2023-11-17,133.27,bank_transfer
182,180,2024-10-13,427.35,cash_on_delivery
183,180,2024-10-18,-427.35,refund
184,181,2024-03-29,363.44,bank_transfer
185,182,2024-05-07,877.37,bank_transfer
186,182,2024-05-26,-877.37,refund
187,184,2023-01-16,217.8,paypal
188,185,2025-06-10,268.97,card
189,186,2024-01-03,3384.36,bank_transfer
190,187,2025-03-10,625.43,card
191,189,2024-08-27,201.17,card
192,190,2025-03-18,1133.64,paypal
193,190,2025-03-29,-1133.64,refund
194,191,2023-08-23,652.54,paypal
195,192,2025-09-24,2485.46,paypal
196,194,2025-05-28,166.5,cash_on_delivery
197,195,2025-01-09,1228.82,card
198,196,2023-06-17,1583.16,card
199,197,2023-02-10,242.16,paypal
200,197,2023-02-14,-242.16,refund
201,198,2024-06-19,3270.86,card
202,198,2024-07-04,-3270.86,refund
203,199,2025-10-28,161.72,paypal
204,201,2025-01-28,50.68,cash_on_delivery
205,202,2025-07-20,2309.64,bank_transfer
206,203,2024-06-24,2056.02,bank_transfer
207,203,2024-07-12,-2056.02,refund
208,204,2025-09-15,24.52,paypal
209,204,2025-09-25,-24.52,refund
210,205,2025-11-19,701.67,paypal
211,206,2024-11-07,1108.92,paypal
212,207,2023-11-28,3613.44,card
213,208,2025-07-08,861.2,bank_transfer
214,208,2025-07-25,-861.2,refund
215,209,2023-05-22,568.46,cash_on_delivery
216,210,2023-03-21,1095.12,cash_on_delivery
217,210,2023-03-31,-1095.12,refund
218,212,2025-09-06,493.12,paypal
219,213,2023-01-15,2186.96,cash_on_delivery
220,213,2023-01-26,-2186.96,refund
221,214,2025-05-19,856.92,cash_on_delivery
222,214,2025-05-27,-856.92,refund
223,215,2025-09-18,2895.76,cash_on_delivery
224,216,2023-11-29,49.97,cash_on_delivery
225,217,2023-01-11,923.34,bank_transfer
226,218,2025-01-29,974.39,paypal
227,219,2025-11-27,669.42,bank_transfer
228,220,2023-01-03,658.48,cash_on_delivery
229,221,2024-02-15,70.53,bank_transfer
230,221,2024-03-06,-70.53,refund
231,222,2024-12-15,349.4,paypal
232,223,2025-11-03,3373.46,bank_transfer
233,225,2024-12-26,1768.74,paypal
234,225,2025-01-13,-1768.74,refund
235,226,2024-12-27,1430.48,paypal
236,227,2024-02-22,1092.42,bank_transfer
237,229,2023-09-23,2413.05,bank_transfer
238,230,2023-01-20,851.18,bank_transfer
239,231,2024-06-25,952.34,paypal
240,232,2025-02-02,2419.82,cash_on_delivery
241,233,2025-02-19,620.22,paypal
242,234,2025-10-21,1182.42,card
243,236,2025-01-10,1125.33,bank_transfer
244,237,2024-10-29,776.6,paypal
245,237,2024-11-06,-776.6,refund
246,239,2024-08-19,1960.2,paypal
247,240,2024-04-28,89.64,card
248,242,2025-03-10,513.93,paypal
249,243,2023-12-18,93.66,cash_on_delivery
250,244,2024-07-12,1941.01,paypal
251,244,2024-07-17,-1941.01,refund
252,245,2024-09-25,959.16,card
253,247,2025-02-05,1933.48,bank_transfer
254,248,2025-05-14,1576.8,paypal
255,249,2024-08-17,1356.3,card
256,250,2023-02-16,369.84,cash_on_delivery
257,251,2023-01-20,78.87,paypal
258,252,2025-05-10,240.23,bank_transfer
259,253,2025-03-17,2436.65,cash_on_delivery
260,254,2023-03-12,1436.48,paypal
261,255,2023-03-28,1139.07,cash_on_delivery
262,255,2023-04-10,-1139.07,refund
263,256,2023-12-10,1787.67,paypal
264,257,2023-07-09,342.25,paypal
265,257,2023-07-29,-342.25,refund
266,258,2023-08-11,898.21,bank_transfer
267,259,2023-10-05,786.96,cash_on_delivery
268,260,2024-01-20,557.08,paypal
269,260,2024-02-06,-557.08,refund
270,261,2024-06-25,1364.66,bank_transfer
271,261,2024-07-05,-1364.66,refund
272,262,2023-05-12,1344.11,bank_transfer
273,262,2023-05-18,-1344.11,refund
274,263,2023-05-17,185.66,cash_on_delivery
275,264,2023-07-22,666.45,paypal
276,265,2025-10-03,1189.79,card
277,266,2024-09-17,260.5,paypal
278,267,2024-05-26,762.05,bank_transfer
279,267,2024-06-12,-762.05,refund
280,268,2025-05-25,660.97,cash_on_delivery
281,269,2024-12-24,1162.64,bank_transfer
282,271,2024-03-30,722.62,cash_on_delivery
283,272,2023-11-18,1016.08,card
284,273,2025-03-29,1061.71,cash_on_delivery
285,273,2025-04-04,-1061.71,refund
286,274,2024-09-08,1325.6,card
287,275,2025-02-23,516.72,card
288,277,2025-09-02,45.72,card
289,277,2025-09-17,-45.72,refund
290,278,2025-06-11,1029.34,paypal
291,279,2024-05-21,481.4,card
292,281,2024-12-19,634.28,card
293,281,2024-12-25,-634.28,refund
294,282,2023-04-25,974.47,cash_on_delivery
295,283,2024-11-10,1392.61,bank_transfer
296,284,2023-05-07,249.67,card
297,285,2025-03-09,597.67,card
298,288,2024-09-13,1173.19,cash_on_delivery
299,289,2023-10-12,537.82,bank_transfer
300,291,2023-10-26,104.51,paypal
301,291,2023-10-29,-104.51,refund
302,293,2024-01-17,756.05,paypal
303,294,2025-08-19,400.68,paypal
304,295,2024-04-08,1503.06,paypal
305,296,2025-06-20,796.81,cash_on_delivery
306,296,2025-07-03,-796.81,refund
307,297,2023-03-20,239.36,paypal
308,297,2023-04-08,-239.36,refund
309,298,2025-03-23,1808.13,cash_on_delivery
310,299,2025-05-16,1409.21,paypal
311,300,2025-04-28,836.77,paypal
312,301,2023-09-13,666.48,card
313,302,2025-02-25,611.1,card
314,302,2025-03-13,-611.1,refund
315,304,2024-06-05,826.57,cash_on_delivery
316,305,2025-06-23,917.86,bank_transfer
317,306,2023-10-26,532.4,bank_transfer
318,308,2025-05-25,122.4,card
319,308,2025-06-05,-122.4,refund
320,309,2025-04-29,206.71,card
321,309,2025-05-17,-206.71,refund
322,311,2024-01-04,363.84,card
323,311,2024-01-21,-363.84,refund
324,312,2023-08-30,1173.91,bank_transfer
325,313,2025-11-05,3754.2,card
326,313,2025-11-13,-3754.2,refund
327,314,2024-11-09,2113.78,cash_on_delivery
328,315,2025-04-28,645.23,bank_transfer
329,316,2023-03-07,690.11,card
330,317,2025-04-27,668.5,bank_transfer
331,318,2023-03-21,26.82,paypal
332,320,2023-08-26,499.6,card
333,321,2024-10-03,3149.8,cash_on_delivery
334,322,2023-08-29,257.14,paypal
335,323,2024-12-18,864.23,bank_transfer
336,323,2024-12-31,-864.23,refund
337,324,2025-06-30,225.74,card
338,326,2024-11-13,713.25,cash_on_delivery
339,327,2024-04-22,2239.98,paypal
340,328,2024-11-08,1121.46,bank_transfer
341,329,2024-12-15,426.57,cash_on_delivery
342,329,2024-12-25,-426.57,refund
343,330,2024-05-14,296.17,cash_on_delivery
344,330,2024-05-30,-296.17,refund
345,331,2024-12-01,155.8,cash_on_delivery
346,331,2024-12-14,-155.8,refund
347,333,2025-02-16,242.33,cash_on_delivery
348,335,2023-01-17,334.1,bank_transfer
349,335,2023-01-20,-334.1,refund
350,336,2025-06-05,929.68,paypal
351,336,2025-06-23,-929.68,refund
352,337,2024-01-21,1006.8,card
353,337,2024-01-24,-1006.8,refund
354,339,2025-05-22,878.6,bank_transfer
355,339,2025-06-01,-878.6,refund
356,340,2025-05-21,2386.12,paypal
357,340,2025-06-09,-2386.12,refund
358,341,2025-04-23,1418.87,bank_transfer
359,341,2025-05-10,-1418.87,refund
360,342,2023-06-11,650.53,cash_on_delivery
361,342,2023-06-30,-650.53,refund
362,343,2025-08-18,889.92,bank_transfer
363,343,2025-08-29,-889.92,refund
364,344,2025-08-28,1949.0,cash_on_delivery
365,344,2025-09-02,-1949.0,refund
366,345,2025-11-01,727.68,card
367,346,2023-12-25,213.34,paypal
368,346,2024-01-12,-213.34,refund
369,347,2023-03-12,169.94,cash_on_delivery
370,348,2025-02-23,569.57,paypal
371,350,2024-06-23,1111.92,cash_on_delivery
372,351,2024-07-13,1312.21,paypal
373,352,2024-11-25,202.6,card
374,354,2023-07-09,1353.48,card
375,355,2024-01-16,242.89,bank_transfer
376,356,2023-11-30,822.55,bank_transfer
377,357,2025-06-24,1369.92,paypal
378,359,2025-10-19,38.16,bank_transfer
379,363,2024-11-28,934.92,bank_transfer
380,364,2025-03-09,1112.28,paypal
381,366,2024-11-28,573.55,paypal
382,367,2024-04-25,141.06,card
383,368,2023-04-04,263.02,cash_on_delivery
384,369,2023-12-16,60.54,cash_on_delivery
385,369,2023-12-26,-60.54,refund
386,371,2023-10-09,398.06,card
387,373,2023-03-26,117.04,card
388,374,2025-09-24,361.66,bank_transfer
389,375,2025-09-04,670.19,paypal
390,376,2023-12-26,76.06,cash_on_delivery
391,376,2023-12-31,-76.06,refund
392,377,2024-09-11,714.32,paypal
393,378,2023-04-22,58.52,cash_on_delivery
394,379,2023-11-26,165.84,paypal
395,380,2024-06-01,868.22,card
396,383,2025-09-20,1165.0,cash_on_delivery
397,384,2024-02-03,415.13,card
398,386,2025-04-25,1765.37,paypal
399,386,2025-05-05,-1765.37,refund
400,387,2025-06-09,1450.0,card
401,387,2025-06-13,-1450.0,refund
402,388,2025-10-29,2155.43,card
403,389,2025-04-12,61.0,cash_on_delivery
404,390,2024-09-19,3358.73,paypal
405,392,2024-11-13,122.4,paypal
406,392,2024-11-18,-122.4,refund
407,393,2024-11-20,659.75,bank_transfer
408,394,2023-05-20,330.18,cash_on_delivery
409,394,2023-05-29,-330.18,refund
410,395,2024-04-06,3066.47,bank_transfer
411,397,2025-07-28,594.98,card
412,398,2023-12-07,323.78,paypal
413,399,2024-02-25,122.4,paypal
414,399,2024-03-14,-122.4,refund
415,401,2023-02-16,2296.0,bank_transfer
416,402,2024-06-19,839.5,paypal
417,403,2023-11-26,671.16,card
418,403,2023-12-09,-671.16,refund
419,406,2024-10-19,211.59,cash_on_delivery
420,407,2024-08-18,1070.7,card
421,407,2024-09-05,-1070.7,refund
422,408,2023-03-24,2473.37,paypal
423,409,2024-04-02,586.94,paypal
424,410,2024-10-13,857.52,card
425,410,2024-10-25,-857.52,refund
426,411,2024-12-21,1551.13,cash_on_delivery
427,412,2025-04-28,527.22,cash_on_delivery
428,414,2025-02-20,1135.09,paypal
429,417,2023-05-19,2172.75,card
430,417,2023-06-02,-2172.75,refund
431,418,2023-02-08,657.01,paypal
432,419,2023-12-03,648.74,card
433,420,2024-02-03,76.06,bank_transfer
434,421,2024-09-09,642.06,bank_transfer
435,423,2024-03-29,1388.97,card
436,424,2024-12-14,615.72,card
437,425,2023-09-21,402.06,cash_on_delivery
438,426,2023-08-20,704.96,card
439,427,2023-08-09,1224.25,card
440,428,2024-02-25,569.27,paypal
441,428,2024-03-07,-569.27,refund
442,429,2024-12-13,133.88,card
443,430,2024-03-23,192.25,bank_transfer
444,432,2025-05-20,1995.37,bank_transfer
445,433,2023-03-28,2999.49,paypal
446,434,2025-04-17,1582.9,card
447,435,2025-06-17,274.24,cash_on_delivery
448,435,2025-06-23,-274.24,refund
449,436,2023-12-15,688.46,cash_on_delivery
450,438,2025-07-23,562.48,paypal
451,439,2023-10-03,70.53,cash_on_delivery
452,440,2023-02-27,441.77,paypal
453,445,2023-02-28,225.72,card
454,445,2023-03-13,-225.72,refund
455,447,2024-10-02,109.44,card
456,447,2024-10-15,-109.44,refund
457,448,2023-02-10,1772.42,cash_on_delivery
458,448,2023-02-13,-1772.42,refund
459,449,2025-02-13,921.23,bank_transfer
460,449,2025-02-21,-921.23,refund
461,450,2024-09-05,647.47,bank_transfer
462,451,2025-04-06,1583.64,paypal
463,452,2023-06-10,1459.92,paypal
464,453,2023-02-09,1404.06,cash_on_delivery
465,453,2023-02-13,-1404.06,refund
466,454,2024-02-15,853.38,paypal
467,455,2025-04-24,761.88,paypal
468,456,2023-02-27,969.37,paypal
469,457,2023-10-07,886.05,card
470,458,2023-06-21,644.05,card
471,460,2024-10-04,556.17,bank_transfer
472,461,2025-04-18,1299.95,paypal
473,462,2025-09-02,232.24,cash_on_delivery
474,463,2025-01-14,391.94,bank_transfer
475,466,2024-06-20,60.8,bank_transfer
476,466,2024-07-07,-60.8,refund
477,467,2023-03-01,110.38,paypal
478,468,2024-09-18,4057.84,bank_transfer
479,469,2024-11-04,721.42,cash_on_delivery
480,470,2024-04-04,206.84,cash_on_delivery
481,471,2024-06-22,44.36,paypal
482,472,2025-01-24,1670.64,bank_transfer
483,474,2024-08-05,880.36,paypal
484,475,2025-07-29,409.96,cash_on_delivery
485,478,2025-02-22,1616.1,bank_transfer
486,479,2025-08-17,333.0,bank_transfer
487,480,2024-10-06,390.36,bank_transfer
488,481,2024-06-23,560.75,cash_on_delivery
489,481,2024-06-27,-560.75,refund
490,482,2023-11-02,1364.24,cash_on_delivery
491,485,2024-08-04,292.59,paypal
492,486,2023-06-09,478.05,card
493,487,2024-10-27,511.92,cash_on_delivery
494,488,2024-07-07,54.06,cash_on_delivery
495,488,2024-07-20,-54.06,refund
496,489,2023-09-24,507.15,card
497,490,2023-05-25,318.67,cash_on_delivery
498,490,2023-06-09,-318.67,refund
499,491,2023-11-12,977.04,bank_transfer
500,494,2023-06-23,1005.88,paypal
501,495,2025-05-27,587.25,bank_transfer
502,496,2023-06-17,2723.16,paypal
503,496,2023-07-02,-2723.16,refund
504,498,2024-01-22,472.83,card
505,499,2025-03-22,322.56,cash_on_delivery
506,500,2025-09-23,677.1,paypal
507,501,2023-02-03,179.28,paypal
508,502,2024-01-26,750.49,paypal
509,504,2024-11-17,167.12,cash_on_delivery
510,505,2024-08-21,605.76,bank_transfer
511,506,2023-05-12,3699.87,bank_transfer
512,511,2024-06-20,83.62,cash_on_delivery
513,512,2024-04-09,851.47,cash_on_delivery
514,513,2025-07-25,121.71,card
515,514,2023-08-31,1448.08,bank_transfer
516,515,2023-10-13,364.3,bank_transfer
517,516,2025-11-03,361.05,bank_transfer
518,517,2024-05-17,2363.75,cash_on_delivery
519,518,2023-01-22,383.94,cash_on_delivery
520,518,2023-01-30,-383.94,refund
521,520,2023-04-29,643.53,bank_transfer
522,520,2023-05-18,-643.53,refund
523,522,2024-09-12,236.58,paypal
524,523,2024-08-06,38.88,paypal
525,524,2023-03-01,1345.71,bank_transfer
526,524,2023-03-07,-1345.71,refund
527,526,2024-04-23,591.34,bank_transfer
528,527,2024-02-02,576.94,paypal
529,530,2025-05-04,350.0,card
530,532,2025-01-27,619.19,bank_transfer
531,532,2025-02-08,-619.19,refund
532,533,2023-03-01,641.8,bank_transfer
533,536,2023-10-11,1012.93,cash_on_delivery
534,536,2023-10-24,-1012.93,refund
535,538,2023-09-13,176.48,paypal
536,538,2023-10-01,-176.48,refund
537,539,2023-02-08,1530.61,cash_on_delivery
538,540,2023-02-17,1354.54,card
539,541,2023-12-13,462.55,cash_on_delivery
540,542,2023-12-16,1139.97,bank_transfer
541,543,2025-02-09,270.7,cash_on_delivery
542,545,2025-08-09,408.74,paypal
543,545,2025-08-21,-408.74,refund
544,547,2023-10-20,1191.07,card
545,548,2025-09-16,956.85,card
546,549,2023-09-10,1314.93,bank_transfer
547,553,2025-01-30,837.56,paypal
548,554,2025-10-09,658.48,card
549,555,2025-03-22,393.02,paypal
550,556,2023-05-14,592.44,bank_transfer
551,557,2025-07-18,3807.23,cash_on_delivery
552,558,2025-01-10,69.36,bank_transfer
553,558,2025-01-26,-69.36,refund
554,559,2025-07-10,594.98,card
555,560,2023-02-21,660.88,card
556,561,2025-06-05,1091.81,card
557,562,2024-11-16,452.4,cash_on_delivery
558,562,2024-11-22,-452.4,refund
559,563,2023-05-05,698.01,bank_transfer
560,564,2025-06-03,20.91,bank_transfer
561,567,2024-11-05,377.54,paypal
562,567,2024-11-24,-377.54,refund
563,569,2024-10-01,1719.94,bank_transfer
564,569,2024-10-13,-1719.94,refund
565,570,2023-01-19,445.11,paypal
566,570,2023-01-24,-445.11,refund
567,573,2023-01-11,363.9,bank_transfer
568,574,2025-02-08,832.68,paypal
569,575,2025-06-22,813.48,paypal
570,576,2024-05-18,375.14,paypal
571,577,2023-08-18,871.65,paypal
572,578,2025-06-08,169.94,paypal
573,579,2025-02-15,401.73,paypal
574,580,2024-05-24,491.68,card
575,582,2025-04-01,89.64,cash_on_delivery
576,582,2025-04-11,-89.64,refund
577,583,2024-03-23,936.07,bank_transfer
578,584,2025-12-01,1153.04,cash_on_delivery
579,586,2025-06-25,277.6,paypal
580,587,2023-09-02,1477.35,bank_transfer
581,588,2024-07-19,1104.27,cash_on_delivery
582,590,2025-08-05,166.5,cash_on_delivery
583,593,2023-10-15,1031.22,card
584,594,2025-03-03,487.96,card
585,595,2025-09-28,573.29,paypal
586,598,2024-02-29,535.64,paypal
587,599,2025-07-31,808.29,paypal
588,600,2024-11-06,2643.96,bank_transfer
589,600,2024-11-21,-2643.96,refund
590,602,2024-01-11,297.49,paypal
591,602,2024-01-22,-297.49,refund
592,603,2024-08-22,490.51,card
593,604,2023-08-05,641.65,card
594,604,2023-08-10,-641.65,refund
595,606,2024-05-31,141.16,card
596,608,2023-02-06,92.76,cash_on_delivery
597,608,2023-02-14,-92.76,refund
598,609,2023-01-23,84.04,paypal
599,610,2023-04-09,118.08,card
600,610,2023-04-12,-118.08,refund
601,611,2025-02-11,237.34,card
602,612,2023-02-28,510.88,paypal
603,613,2025-05-02,181.62,paypal
604,613,2025-05-11,-181.62,refund
605,615,2025-01-03,521.87,paypal
606,616,2024-03-29,966.76,bank_transfer
607,617,2025-10-22,973.64,paypal
608,620,2025-05-27,869.66,paypal
609,621,2025-06-29,497.62,card
610,622,2024-11-10,477.12,cash_on_delivery
611,623,2024-10-21,446.58,paypal
612,624,2023-07-08,592.51,paypal
613,625,2025-05-21,1595.43,cash_on_delivery
614,627,2023-06-22,1507.01,cash_on_delivery
615,628,2025-09-11,884.04,card
616,629,2025-10-22,2014.38,cash_on_delivery
617,630,2023-03-23,1530.62,card
618,632,2023-02-28,894.13,card
619,634,2024-09-11,892.84,paypal
620,634,2024-09-26,-892.84,refund
621,635,2024-09-22,257.28,cash_on_delivery
622,636,2025-05-03,622.66,cash_on_delivery
623,637,2024-03-13,244.96,cash_on_delivery
624,638,2023-08-15,30.6,card
625,639,2023-05-15,556.24,cash_on_delivery
626,640,2023-07-26,120.35,card
627,642,2024-12-03,326.08,bank_transfer
628,643,2024-11-08,826.76,card
629,644,2023-09-11,686.69,cash_on_delivery
630,644,2023-09-30,-686.69,refund
631,645,2024-01-21,650.92,cash_on_delivery
632,646,2023-06-17,1073.36,card
633,647,2025-10-16,749.58,cash_on_delivery
634,648,2024-05-11,120.89,card
635,650,2025-10-07,264.27,cash_on_delivery
636,651,2024-04-23,765.0,card
637,652,2025-01-24,1876.94,cash_on_delivery
638,653,2024-10-19,277.26,card
639,654,2025-08-04,243.48,paypal
640,655,2024-08-05,114.09,card
641,656,2025-09-06,525.86,paypal
642,659,2025-03-20,130.7,paypal
643,661,2023-07-29,831.55,card
644,662,2025-11-24,316.83,bank_transfer
645,664,2025-02-21,2089.55,cash_on_delivery
646,665,2023-07-15,691.71,paypal
647,665,2023-07-21,-691.71,refund
648,666,2023-05-13,253.25,cash_on_delivery
649,666,2023-05-18,-253.25,refund
650,667,2023-09-12,362.62,cash_on_delivery
651,668,2024-10-06,150.48,card
652,669,2024-06-11,411.36,paypal
653,670,2023-01-04,594.86,bank_transfer
654,671,2024-12-23,430.94,paypal
655,671,2024-12-30,-430.94,refund
656,672,2024-03-19,1519.27,cash_on_delivery
657,672,2024-03-27,-1519.27,refund
658,673,2025-07-25,406.3,paypal
659,674,2025-02-01,1350.91,bank_transfer
660,674,2025-02-07,-1350.91,refund
661,675,2023-08-14,541.27,bank_transfer
662,675,2023-08-17,-541.27,refund
663,676,2025-02-13,989.97,bank_transfer
664,677,2024-07-09,673.29,bank_transfer
665,677,2024-07-24,-673.29,refund
666,678,2024-12-07,999.11,cash_on_delivery
667,678,2024-12-18,-999.11,refund
668,679,2025-01-29,2443.98,bank_transfer
669,680,2023-06-29,327.41,card
670,681,2024-08-09,1206.83,card
671,681,2024-08-18,-1206.83,refund
672,683,2025-01-21,818.55,bank_transfer
673,684,2025-09-16,1235.93,cash_on_delivery
674,685,2025-09-26,1242.66,card
675,687,2025-11-22,1719.36,bank_transfer
676,689,2025-06-20,149.69,paypal
677,690,2024-01-27,552.24,bank_transfer
678,691,2023-03-09,559.61,cash_on_delivery
679,692,2025-10-11,1228.48,card
680,693,2023-02-13,191.22,bank_transfer
681,695,2024-07-29,903.46,paypal
682,696,2023-11-01,300.96,bank_transfer
683,699,2023-05-08,2858.16,cash_on_delivery
684,699,2023-05-18,-2858.16,refund
685,700,2023-04-10,180.83,paypal
686,701,2025-08-24,1136.23,paypal
687,702,2025-01-09,1338.99,card
688,703,2024-01-27,1224.94,card
689,708,2024-03-29,321.26,card
690,709,2023-11-01,275.09,card
691,710,2024-12-14,952.29,bank_transfer
692,710,2024-12-27,-952.29,refund
693,711,2023-01-22,1017.56,card
694,712,2025-02-24,419.95,paypal
695,713,2025-06-08,743.47,cash_on_delivery
696,714,2023-12-28,1948.59,card
697,716,2023-10-11,1074.55,paypal
698,717,2023-01-28,648.45,paypal
699,718,2025-09-12,732.84,bank_transfer
700,718,2025-10-02,-732.84,refund
701,719,2023-02-13,648.45,cash_on_delivery
702,720,2023-01-06,142.56,paypal
703,721,2024-08-11,494.6,card
704,722,2024-07-31,80.1,bank_transfer
705,723,2023-06-25,1144.15,card
706,724,2025-10-20,356.54,bank_transfer
707,726,2023-09-20,788.11,cash_on_delivery
708,727,2025-10-16,587.95,card
709,727,2025-10-25,-587.95,refund
710,728,2023-02-06,3309.61,cash_on_delivery
711,729,2024-03-07,177.78,paypal
712,731,2023-10-31,205.25,paypal
713,734,2023-05-04,1122.06,cash_on_delivery
714,735,2023-11-19,492.08,paypal
715,736,2023-04-28,1252.54,cash_on_delivery
716,737,2023-04-24,1065.59,paypal
717,738,2023-08-08,454.61,card
718,739,2024-07-07,1152.12,cash_on_delivery
719,740,2024-02-05,568.12,card
720,742,2024-03-18,528.86,bank_transfer
721,743,2025-01-07,1774.86,cash_on_delivery
722,743,2025-01-13,-1774.86,refund
723,744,2023-02-03,489.96,bank_transfer
724,745,2024-08-30,493.86,card
725,747,2025-09-28,534.16,bank_transfer
726,749,2025-02-11,515.41,card
727,750,2024-01-08,944.11,paypal
728,751,2025-09-03,1697.68,bank_transfer
729,752,2023-03-06,441.46,card
730,752,2023-03-22,-441.46,refund
731,753,2024-06-02,84.97,cash_on_delivery
732,755,2025-05-28,1530.76,cash_on_delivery
733,756,2025-03-10,2650.81,paypal
734,757,2024-10-10,1141.23,paypal
735,759,2025-01-18,1225.49,cash_on_delivery
736,760,2024-12-22,3219.65,paypal
737,760,2025-01-11,-3219.65,refund
738,761,2025-02-20,567.41,cash_on_delivery
739,762,2025-10-14,1068.24,cash_on_delivery
740,762,2025-10-20,-1068.24,refund
741,763,2025-08-21,558.33,paypal
742,764,2024-08-06,780.97,card
743,765,2023-02-26,797.71,paypal
744,766,2025-03-14,2473.16,paypal
745,767,2024-04-19,460.4,bank_transfer
746,768,2023-07-11,16.24,card
747,769,2023-06-13,1023.89,paypal
748,769,2023-06-25,-1023.89,refund
749,771,2023-07-31,806.33,card
750,772,2025-01-11,703.48,cash_on_delivery
751,774,2023-03-06,602.98,paypal
752,775,2023-03-02,246.04,bank_transfer
753,775,2023-03-08,-246.04,refund
754,776,2024-03-23,694.32,paypal
755,777,2023-07-09,3541.24,paypal
756,780,2024-02-14,2785.95,bank_transfer
757,780,2024-03-01,-2785.95,refund
758,783,2025-02-02,259.49,card
759,784,2024-11-05,425.39,paypal
760,785,2024-07-25,2386.12,cash_on_delivery
761,785,2024-08-07,-2386.12,refund
762,786,2024-10-17,1313.84,bank_transfer
763,787,2023-09-02,873.45,card
764,788,2025-08-05,134.44,card
765,789,2025-08-23,822.34,card
766,791,2023-01-23,39.8,paypal
767,792,2024-01-27,1264.67,bank_transfer
768,793,2025-02-17,551.74,bank_transfer
769,794,2023-11-01,959.72,cash_on_delivery
770,794,2023-11-11,-959.72,refund
771,795,2024-06-25,30.4,card
772,796,2025-10-12,441.88,paypal
773,797,2023-08-06,646.5,paypal
774,798,2025-11-02,241.78,paypal
775,799,2025-03-31,658.48,bank_transfer
776,800,2023-07-31,2096.14,card
777,801,2025-07-17,493.1,paypal
778,804,2023-04-13,11.42,card
779,805,2024-07-01,78.86,paypal
780,807,2024-02-24,451.21,bank_transfer
781,808,2024-05-04,564.89,card
782,811,2025-10-29,382.46,cash_on_delivery
783,812,2024-12-20,1021.24,bank_transfer
784,812,2025-01-02,-1021.24,refund
785,813,2025-11-28,1588.41,paypal
786,813,2025-12-12,-1588.41,refund
787,814,2023-03-08,649.91,paypal
788,815,2024-12-18,1098.31,cash_on_delivery
789,816,2024-12-12,681.04,cash_on_delivery
790,817,2023-11-05,963.07,card
791,817,2023-11-17,-963.07,refund
792,818,2025-07-21,175.98,bank_transfer
793,819,2025-06-01,478.23,bank_transfer
794,820,2024-08-03,859.19,cash_on_delivery
795,820,2024-08-17,-859.19,refund
796,822,2024-10-22,698.99,cash_on_delivery
797,822,2024-11-11,-698.99,refund
798,823,2024-09-09,228.96,cash_on_delivery
799,824,2025-06-16,544.95,bank_transfer
800,826,2024-09-11,1570.51,cash_on_delivery
801,828,2023-08-09,777.2,cash_on_delivery
802,829,2024-04-02,664.28,card
803,830,2023-11-10,123.02,paypal
804,830,2023-11-16,-123.02,refund
805,831,2023-02-20,1714.75,bank_transfer
806,831,2023-03-09,-1714.75,refund
807,833,2024-05-09,2371.51,bank_transfer
808,834,2025-03-04,907.45,card
809,835,2024-09-14,781.0,paypal
810,836,2025-03-11,61.84,bank_transfer
811,836,2025-03-28,-61.84,refund
812,837,2023-10-15,1646.16,bank_transfer
813,838,2024-10-25,976.44,card
814,838,2024-11-12,-976.44,refund
815,839,2025-09-03,374.84,cash_on_delivery
816,840,2025-05-10,80.1,card
817,844,2023-02-21,475.14,cash_on_delivery
818,845,2023-05-29,944.58,cash_on_delivery
819,846,2024-12-22,1668.8,paypal
820,847,2025-11-26,548.48,card
821,848,2024-11-10,280.5,card
822,849,2023-11-22,157.72,cash_on_delivery
823,850,2023-04-28,1112.48,card
824,850,2023-05-02,-1112.48,refund
825,851,2025-05-14,123.42,bank_transfer
826,852,2023-05-08,472.4,cash_on_delivery
827,853,2023-09-26,37.02,paypal
828,855,2024-02-07,1242.78,cash_on_delivery
829,855,2024-02-27,-1242.78,refund
830,857,2024-02-01,236.19,card
831,858,2024-05-29,67.18,paypal
832,859,2023-04-03,2442.62,cash_on_delivery
833,860,2023-09-11,281.24,bank_transfer
834,862,2025-10-31,666.8,bank_transfer
835,863,2024-02-24,655.14,cash_on_delivery
836,864,2023-08-24,1417.37,cash_on_delivery
837,866,2024-09-19,1461.75,cash_on_delivery
838,867,2023-04-30,1045.54,paypal
839,868,2023-02-01,1267.15,bank_transfer
840,869,2024-07-04,1824.6,cash_on_delivery
841,870,2025-08-13,803.18,bank_transfer
842,871,2024-10-06,1795.51,paypal
843,872,2023-04-13,769.88,cash_on_delivery
844,873,2024-10-11,899.19,card
845,874,2025-06-28,2097.65,card
846,875,2025-01-07,3423.15,bank_transfer
847,876,2023-11-05,74.04,bank_transfer
848,876,2023-11-14,-74.04,refund
849,877,2023-03-11,3634.04,cash_on_delivery
850,878,2024-07-06,950.99,cash_on_delivery
851,879,2025-04-21,15.2,cash_on_delivery
852,881,2024-08-11,1392.88,paypal
853,882,2025-07-18,1086.32,paypal
854,884,2023-09-30,692.71,bank_transfer
855,884,2023-10-06,-692.71,refund
856,885,2023-04-06,1118.45,paypal
857,886,2024-01-11,4554.91,bank_transfer
858,886,2024-01-17,-4554.91,refund
859,888,2024-10-16,269.2,bank_transfer
860,889,2024-12-15,904.48,paypal
861,890,2023-12-13,258.41,paypal
862,891,2025-11-08,38.03,card
863,892,2023-02-23,2879.24,cash_on_delivery
864,893,2023-08-15,344.33,card
865,894,2024-04-02,380.66,card
866,895,2023-07-25,636.41,cash_on_delivery
867,895,2023-08-04,-636.41,refund
868,896,2024-02-05,1389.4,paypal
869,897,2025-06-11,1042.42,paypal
870,899,2025-01-01,2454.81,cash_on_delivery
871,899,2025-01-07,-2454.81,refund
872,900,2025-08-10,666.8,cash_on_delivery
873,901,2025-09-30,437.46,bank_transfer
874,901,2025-10-11,-437.46,refund
875,903,2024-03-27,503.16,paypal
876,904,2023-12-08,301.58,card
877,904,2023-12-11,-301.58,refund
878,905,2025-02-17,450.34,paypal
879,906,2025-03-22,1222.47,paypal
880,907,2023-01-31,40.25,cash_on_delivery
881,908,2023-11-18,202.5,cash_on_delivery
882,909,2025-03-31,654.33,paypal
883,910,2025-03-12,1079.17,bank_transfer
884,912,2025-11-03,2039.35,cash_on_delivery
885,914,2023-06-22,1759.64,card
886,915,2025-10-07,1197.15,bank_transfer
887,916,2024-03-06,4003.07,card
888,916,2024-03-12,-4003.07,refund
889,919,2023-12-16,1019.46,cash_on_delivery
890,919,2023-12-28,-1019.46,refund
891,920,2024-07-11,150.45,paypal
892,920,2024-07-25,-150.45,refund
893,922,2025-05-03,236.87,paypal
894,923,2023-07-14,922.57,paypal
895,923,2023-07-28,-922.57,refund
896,924,2023-02-01,979.54,bank_transfer
897,925,2024-02-21,1520.47,bank_transfer
898,926,2025-08-27,605.08,paypal
899,928,2023-04-20,1216.51,cash_on_delivery
900,929,2025-08-31,535.89,paypal
901,930,2025-06-14,1356.79,bank_transfer
902,930,2025-07-01,-1356.79,refund
903,932,2024-01-04,109.82,bank_transfer
904,933,2025-01-27,1723.27,card
905,935,2023-12-29,168.74,cash_on_delivery
906,936,2023-05-09,182.43,card
907,937,2024-10-11,807.36,bank_transfer
908,940,2024-12-19,652.88,card
909,941,2023-06-28,581.18,cash_on_delivery
910,942,2024-05-20,298.53,cash_on_delivery
911,943,2024-08-12,981.74,paypal
912,944,2024-08-27,1227.73,cash_on_delivery
913,946,2025-10-29,400.32,bank_transfer
914,946,2025-11-02,-400.32,refund
915,947,2023-08-26,1234.1,cash_on_delivery
916,947,2023-08-30,-1234.1,refund
917,948,2023-08-06,370.08,bank_transfer
918,949,2023-07-28,358.22,cash_on_delivery
919,951,2025-04-01,206.84,cash_on_delivery
920,952,2024-07-05,583.16,bank_transfer
921,952,2024-07-09,-583.16,refund
922,953,2023-07-06,1343.0,cash_on_delivery
923,954,2023-10-31,308.82,paypal
924,955,2023-07-07,483.95,paypal
925,957,2023-09-24,521.82,cash_on_delivery
926,958,2023-05-29,563.94,bank_transfer
927,959,2023-01-04,1076.36,bank_transfer
928,959,2023-01-20,-1076.36,refund
929,961,2025-09-11,1075.96,bank_transfer
930,964,2024-06-14,1343.72,cash_on_delivery
931,965,2025-02-27,684.49,cash_on_delivery
932,966,2025-08-12,548.48,bank_transfer
933,967,2025-01-28,683.48,cash_on_delivery
934,968,2025-07-06,780.85,paypal
935,969,2023-06-24,150.48,cash_on_delivery
936,969,2023-07-10,-150.48,refund
937,970,2024-07-18,925.01,card
938,972,2024-06-12,3079.64,cash_on_delivery
939,973,2025-06-14,213.66,bank_transfer
940,976,2024-08-13,1593.15,bank_transfer
941,976,2024-08-26,-1593.15,refund
942,977,2025-06-29,814.71,card
943,978,2025-09-24,785.07,cash_on_delivery
944,978,2025-10-11,-785.07,refund
945,979,2023-11-17,1105.06,paypal
946,979,2023-12-02,-1105.06,refund
947,980,2023-09-12,4201.44,paypal
948,981,2024-07-28,324.1,cash_on_delivery
949,982,2025-08-11,850.47,paypal
950,984,2023-02-17,1027.77,cash_on_delivery
951,985,2024-05-05,603.43,paypal
952,989,2023-05-06,1213.69,card
953,990,2023-10-29,2560.78,paypal
954,991,2023-07-19,826.76,bank_transfer
955,993,2023-10-17,836.05,cash_on_delivery
956,994,2024-08-28,382.15,paypal
957,995,2024-03-10,1770.31,paypal
958,995,2024-03-24,-1770.31,refund
959,996,2023-11-17,943.08,card
960,996,2023-11-22,-943.08,refund
961,997,2024-04-06,113.13,bank_transfer
962,998,2025-07-31,246.7,paypal
963,998,2025-08-14,-246.7,refund
964,1000,2023-06-13,1226.06,card
965,1001,2024-06-28,725.09,paypal
966,1001,2024-07-08,-725.09,refund
967,1003,2023-06-01,2464.28,card
968,1004,2025-06-01,1909.52,cash_on_delivery
969,1005,2023-12-31,1267.59,card
970,1007,2023-12-03,715.0,card
971,1008,2025-06-29,1637.24,card
972,1009,2024-09-06,1255.79,paypal
973,1009,2024-09-21,-1255.79,refund
974,1010,2023-12-20,1611.32,bank_transfer
975,1011,2024-09-22,1261.71,cash_on_delivery
976,1012,2025-04-08,551.9,bank_transfer
977,1013,2025-02-06,446.25,bank_transfer
978,1014,2023-06-02,278.48,cash_on_delivery
979,1015,2025-09-26,203.59,bank_transfer
980,1017,2023-11-07,2386.55,paypal
981,1018,2023-05-23,567.44,paypal
982,1019,2025-01-11,562.59,paypal
983,1021,2025-10-29,1178.25,cash_on_delivery
984,1022,2024-01-28,738.15,cash_on_delivery
985,1023,2025-06-06,2954.39,cash_on_delivery
986,1024,2024-06-15,1121.37,bank_transfer
987,1025,2023-07-27,846.91,paypal
988,1027,2025-06-22,581.73,cash_on_delivery
989,1029,2025-01-06,931.38,card
990,1032,2023-01-22,1624.96,paypal
991,1033,2023-12-21,1156.0,bank_transfer
992,1034,2025-02-06,554.9,paypal
993,1035,2023-07-28,2722.45,cash_on_delivery
994,1036,2025-06-20,1861.99,cash_on_delivery
995,1037,2024-02-06,176.4,card
996,1038,2025-04-09,1173.03,cash_on_delivery
997,1039,2023-10-27,355.56,card
998,1039,2023-11-05,-355.56,refund
999,1040,2023-01-31,331.02,cash_on_delivery
1000,1041,2023-01-26,1994.92,bank_transfer
1001,1041,2023-02-15,-1994.92,refund
1002,1042,2023-09-01,3890.59,card
1003,1045,2024-12-13,480.9,card
1004,1046,2024-12-25,1287.08,card
1005,1046,2025-01-02,-1287.08,refund
1006,1047,2024-04-11,1881.13,cash_on_delivery
1007,1048,2023-10-08,207.12,paypal
1008,1049,2023-05-20,1263.82,cash_on_delivery
1009,1050,2024-02-02,348.38,paypal
1010,1051,2023-10-20,1163.08,cash_on_delivery
1011,1052,2023-09-13,1730.43,cash_on_delivery
1012,1052,2023-09-29,-1730.43,refund
1013,1055,2024-06-01,170.26,paypal
1014,1056,2025-10-10,860.98,card
1015,1057,2024-05-03,1145.79,cash_on_delivery
1016,1058,2025-06-03,675.43,bank_transfer
1017,1059,2025-04-27,2441.87,card
1018,1060,2025-07-29,807.62,paypal
1019,1061,2025-10-20,347.08,card
1020,1062,2025-04-14,1313.41,bank_transfer
1021,1063,2023-11-26,2739.55,card
1022,1064,2023-07-12,867.79,cash_on_delivery
1023,1065,2024-08-25,303.88,paypal
1024,1065,2024-09-04,-303.88,refund
1025,1067,2023-02-14,1364.62,cash_on_delivery
1026,1067,2023-02-25,-1364.62,refund
1027,1068,2025-01-16,383.75,bank_transfer
1028,1069,2024-05-22,839.26,paypal
1029,1069,2024-06-08,-839.26,refund
1030,1071,2023-11-02,750.04,paypal
1031,1074,2023-04-20,1113.7,card
1032,1075,2025-10-13,390.8,paypal
1033,1076,2024-12-05,377.37,cash_on_delivery
1034,1078,2024-02-17,709.1,card
1035,1079,2023-05-05,315.66,paypal
1036,1079,2023-05-08,-315.66,refund
1037,1080,2023-01-27,285.39,cash_on_delivery
1038,1081,2024-03-25,154.74,paypal
1039,1082,2025-06-23,460.57,paypal
1040,1083,2025-11-28,105.5,bank_transfer
1041,1084,2025-07-20,1738.83,paypal
1042,1084,2025-08-07,-1738.83,refund
1043,1085,2025-04-10,619.74,paypal
1044,1086,2024-10-18,1545.92,cash_on_delivery
1045,1087,2025-10-05,1314.23,card
1046,1088,2023-03-29,251.58,card
1047,1089,2023-03-01,775.68,card
1048,1090,2024-03-16,1635.98,card
1049,1091,2025-02-20,310.26,paypal
1050,1092,2024-11-09,368.66,bank_transfer
1051,1093,2025-05-16,1588.3,cash_on_delivery
1052,1093,2025-05-31,-1588.3,refund
1053,1095,2024-04-04,1361.58,card
1054,1096,2024-11-03,832.3,bank_transfer
1055,1098,2025-11-27,1723.39,paypal
1056,1100,2024-03-07,131.5,bank_transfer
1057,1101,2024-05-29,669.37,bank_transfer
1058,1102,2023-05-11,831.26,cash_on_delivery
1059,1103,2024-05-20,761.34,card
1060,1103,2024-05-28,-761.34,refund
1061,1104,2024-10-21,84.97,card
1062,1105,2023-01-10,242.16,card
1063,1105,2023-01-20,-242.16,refund
1064,1106,2023-03-16,3693.32,paypal
1065,1106,2023-04-03,-3693.32,refund
1066,1107,2024-05-29,1087.96,paypal
1067,1108,2025-03-08,291.35,paypal
1068,1111,2024-01-29,1279.51,cash_on_delivery
1069,1111,2024-02-12,-1279.51,refund
1070,1112,2024-09-21,1319.05,paypal
1071,1114,2025-04-03,825.05,paypal
1072,1114,2025-04-21,-825.05,refund
1073,1115,2023-03-14,127.98,card
1074,1116,2023-07-06,616.24,bank_transfer
1075,1118,2023-11-09,1679.22,card
1076,1122,2023-11-05,321.41,cash_on_delivery
1077,1123,2025-05-07,941.7,paypal
1078,1124,2024-05-04,392.56,bank_transfer
1079,1125,2023-03-06,3896.14,bank_transfer
1080,1126,2025-02-08,910.47,bank_transfer
1081,1127,2024-06-20,713.5,card
1082,1127,2024-07-03,-713.5,refund
1083,1128,2025-11-08,98.28,paypal
1084,1129,2023-12-29,157.74,card
1085,1130,2023-01-29,910.04,paypal
1086,1131,2023-06-16,98.98,cash_on_delivery
1087,1132,2024-04-25,98.98,bank_transfer
1088,1135,2024-02-09,558.13,paypal
1089,1136,2024-10-22,1307.75,paypal
1090,1137,2024-05-29,1006.98,card
1091,1139,2023-07-03,1450.25,bank_transfer
1092,1145,2024-07-25,914.2,paypal
1093,1146,2023-05-06,31.89,bank_transfer
1094,1147,2024-04-28,1593.76,bank_transfer
1095,1147,2024-05-14,-1593.76,refund
1096,1148,2023-09-09,834.33,paypal
1097,1148,2023-09-23,-834.33,refund
1098,1149,2025-08-30,179.52,paypal
1099,1150,2024-11-01,664.25,paypal
1100,1151,2023-09-20,1603.18,card
1101,1152,2023-11-01,1173.15,cash_on_delivery
1102,1152,2023-11-10,-1173.15,refund
1103,1153,2024-07-19,546.54,bank_transfer
1104,1154,2025-09-16,846.53,paypal
1105,1154,2025-09-25,-846.53,refund
1106,1155,2023-09-06,141.06,paypal
1107,1157,2023-10-23,83.04,bank_transfer
1108,1159,2024-02-11,692.56,cash_on_delivery
1109,1159,2024-02-25,-692.56,refund
1110,1161,2023-03-23,119.34,card
1111,1161,2023-03-28,-119.34,refund
1112,1162,2023-11-09,765.61,card
1113,1163,2025-04-02,619.32,cash_on_delivery
1114,1163,2025-04-09,-619.32,refund
1115,1164,2023-07-03,2106.08,card
1116,1166,2024-04-24,369.78,card
1117,1168,2023-05-23,735.92,card
1118,1169,2023-06-15,481.38,card
1119,1169,2023-06-27,-481.38,refund
1120,1170,2025-02-06,1165.54,cash_on_delivery
1121,1170,2025-02-12,-1165.54,refund
1122,1172,2024-01-15,39.36,paypal
1123,1173,2024-09-03,886.92,paypal
1124,1174,2024-01-09,390.01,cash_on_delivery
1125,1176,2023-03-06,60.81,card
1126,1176,2023-03-18,-60.81,refund
1127,1177,2025-02-22,525.04,paypal
1128,1177,2025-03-10,-525.04,refund
1129,1178,2025-02-04,1390.84,paypal
1130,1179,2025-07-27,51.88,paypal
1131,1180,2023-08-19,852.18,cash_on_delivery
1132,1181,2023-11-10,1189.96,card
1133,1183,2025-09-08,573.6,card
1134,1184,2025-06-12,464.84,bank_transfer
1135,1184,2025-06-29,-464.84,refund
1136,1185,2025-08-26,90.13,bank_transfer
1137,1185,2025-09-11,-90.13,refund
1138,1186,2025-04-02,1749.88,bank_transfer
1139,1187,2023-10-10,293.61,bank_transfer
1140,1188,2023-11-23,238.12,cash_on_delivery
1141,1188,2023-11-29,-238.12,refund
1142,1189,2023-03-28,596.53,paypal
1143,1189,2023-04-07,-596.53,refund
1144,1191,2025-03-19,1331.17,paypal
1145,1191,2025-03-22,-1331.17,refund
1146,1192,2025-10-31,1020.09,card
1147,1193,2024-01-27,62.28,paypal
1148,1194,2023-05-29,846.03,bank_transfer
1149,1195,2025-02-06,1270.38,cash_on_delivery
1150,1196,2024-12-22,1146.02,cash_on_delivery
1151,1197,2025-02-17,995.19,cash_on_delivery
1152,1198,2024-11-22,1422.94,card
1153,1200,2024-07-16,3637.69,cash_on_delivery
1154,1200,2024-07-28,-3637.69,refund
1155,1201,2023-12-01,264.18,cash_on_delivery
1156,1202,2024-05-26,3066.82,paypal
1157,1203,2025-10-07,1953.38,cash_on_delivery
1158,1207,2024-01-21,1304.07,card
1159,1208,2023-03-23,398.9,bank_transfer
1160,1209,2025-11-10,464.49,bank_transfer
1161,1210,2023-10-11,502.92,cash_on_delivery
1162,1211,2024-03-15,62.22,paypal
1163,1213,2025-06-06,1327.99,paypal
1164,1216,2023-10-28,1396.92,cash_on_delivery
1165,1218,2024-12-02,1009.61,paypal
1166,1218,2024-12-16,-1009.61,refund
1167,1219,2024-09-20,1020.23,paypal
1168,1220,2024-08-28,774.96,card
1169,1221,2024-08-22,172.61,bank_transfer
1170,1223,2023-05-28,67.28,card
1171,1226,2023-04-24,164.62,paypal
1172,1228,2024-11-24,291.28,bank_transfer
1173,1228,2024-12-04,-291.28,refund
1174,1229,2023-02-19,912.34,bank_transfer
1175,1229,2023-03-09,-912.34,refund
1176,1230,2023-07-15,524.48,card
1177,1233,2024-07-13,926.81,cash_on_delivery
1178,1234,2024-02-28,804.56,paypal
1179,1235,2024-10-06,1064.84,card
1180,1237,2024-12-15,681.44,paypal
1181,1239,2023-04-16,464.49,paypal
1182,1241,2023-05-18,178.42,bank_transfer
1183,1243,2023-07-28,726.8,paypal
1184,1244,2024-01-20,19.9,card
1185,1245,2025-11-01,1371.16,cash_on_delivery
1186,1246,2025-07-21,197.96,card
1187,1247,2025-02-14,493.12,cash_on_delivery
1188,1248,2025-04-09,894.4,cash_on_delivery
1189,1248,2025-04-16,-894.4,refund
1190,1249,2023-03-18,114.09,card
1191,1254,2023-07-29,1307.97,bank_transfer
1192,1255,2025-11-15,419.51,bank_transfer
1193,1255,2025-12-04,-419.51,refund
1194,1256,2023-01-23,365.65,paypal
1195,1257,2025-02-01,793.79,card
1196,1258,2025-11-25,138.72,cash_on_delivery
1197,1258,2025-12-14,-138.72,refund
1198,1259,2025-11-05,310.74,bank_transfer
1199,1260,2023-10-21,106.8,cash_on_delivery
1200,1261,2023-03-28,1663.08,cash_on_delivery
1201,1262,2024-06-06,21.26,bank_transfer
1202,1263,2025-09-15,214.58,card
1203,1264,2025-07-31,1729.46,card
1204,1265,2025-09-18,267.33,card
1205,1266,2023-11-01,306.86,paypal
1206,1266,2023-11-07,-306.86,refund
1207,1267,2025-11-02,731.68,cash_on_delivery
1208,1268,2023-05-19,64.96,paypal
1209,1269,2025-08-30,1070.1,paypal
1210,1270,2025-06-01,572.74,cash_on_delivery
1211,1271,2023-06-20,127.98,cash_on_delivery
1212,1272,2023-07-10,723.32,card
1213,1273,2024-08-21,1272.01,card
1214,1274,2023-06-20,1250.4,card
1215,1275,2024-08-06,10.59,card
1216,1276,2024-04-04,892.47,cash_on_delivery
1217,1277,2025-07-16,2846.8,paypal
1218,1278,2023-11-01,127.98,paypal
1219,1279,2025-07-10,386.13,paypal
1220,1284,2024-01-14,815.58,paypal
1221,1285,2023-10-17,954.73,bank_transfer
1222,1286,2023-01-09,873.93,paypal
1223,1289,2024-09-08,200.46,card
1224,1290,2024-04-14,344.76,cash_on_delivery
1225,1291,2023-06-05,1759.03,paypal
1226,1292,2025-03-07,3357.51,bank_transfer
1227,1292,2025-03-17,-3357.51,refund
1228,1293,2025-09-10,225.72,bank_transfer
1229,1295,2023-07-19,367.43,card
1230,1296,2024-05-08,2344.8,card
1231,1297,2024-07-25,345.3,card
1232,1298,2023-06-29,311.94,bank_transfer
1233,1300,2025-09-19,177.78,cash_on_delivery
1234,1300,2025-10-09,-177.78,refund
1235,1302,2023-01-10,572.88,card
1236,1302,2023-01-23,-572.88,refund
1237,1303,2025-08-10,260.83,cash_on_delivery
1238,1304,2024-11-28,1912.05,card
1239,1305,2024-09-06,547.56,bank_transfer
1240,1306,2025-10-17,827.07,paypal
1241,1307,2023-07-27,206.22,bank_transfer
1242,1308,2023-09-13,1742.08,card
1243,1309,2025-04-06,1071.07,paypal
1244,1310,2023-07-13,148.08,cash_on_delivery
1245,1310,2023-07-27,-148.08,refund
1246,1311,2023-08-09,478.21,paypal
1247,1312,2023-08-03,1596.76,paypal
1248,1313,2024-05-05,566.18,cash_on_delivery
1249,1314,2024-08-14,269.94,cash_on_delivery
1250,1316,2024-05-27,420.88,paypal
1251,1317,2023-08-21,1539.76,card
1252,1317,2023-08-24,-1539.76,refund
1253,1318,2023-08-10,204.65,bank_transfer
1254,1319,2025-02-15,657.48,paypal
1255,1319,2025-02-25,-657.48,refund
1256,1320,2025-10-01,1115.95,bank_transfer
1257,1321,2025-04-29,827.68,card
1258,1322,2025-07-22,384.18,bank_transfer
1259,1323,2025-09-11,1425.9,card
1260,1324,2025-01-29,780.57,card
1261,1324,2025-02-08,-780.57,refund
1262,1325,2024-08-02,181.86,paypal
1263,1326,2023-02-12,1926.33,bank_transfer
1264,1328,2025-08-26,511.51,card
1265,1330,2023-07-21,1197.8,paypal
1266,1331,2024-11-28,969.05,cash_on_delivery
1267,1333,2024-12-16,613.62,paypal
1268,1334,2023-04-05,195.04,cash_on_delivery
1269,1335,2025-07-09,1784.04,paypal
1270,1336,2025-02-13,870.46,card
1271,1337,2023-11-19,315.48,cash_on_delivery
1272,1338,2023-12-10,1700.6,paypal
1273,1339,2025-07-02,845.22,cash_on_delivery
1274,1340,2025-08-11,1293.13,card
1275,1341,2024-01-06,413.34,card
1276,1341,2024-01-16,-413.34,refund
1277,1342,2023-06-22,574.34,paypal
1278,1343,2024-03-29,1219.68,card
1279,1344,2023-01-24,73.37,bank_transfer
1280,1345,2023-06-18,374.65,card
1281,1346,2023-02-24,196.44,paypal
1282,1347,2023-10-31,1532.13,cash_on_delivery
1283,1347,2023-11-18,-1532.13,refund
1284,1349,2024-11-30,1269.9,paypal
1285,1350,2023-11-02,439.52,cash_on_delivery
1286,1351,2025-04-12,683.87,paypal
1287,1352,2023-05-13,1116.95,card
1288,1353,2024-06-15,1310.18,paypal
1289,1354,2023-05-16,720.98,card
1290,1355,2025-05-11,456.95,bank_transfer
1291,1356,2025-08-05,427.74,cash_on_delivery
1292,1357,2024-04-14,1040.2,cash_on_delivery
1293,1359,2024-05-10,1083.15,card
1294,1359,2024-05-22,-1083.15,refund
1295,1360,2024-02-26,641.65,bank_transfer
1296,1362,2025-07-22,782.19,paypal
1297,1362,2025-08-09,-782.19,refund
1298,1364,2023-06-21,1112.79,card
1299,1364,2023-06-24,-1112.79,refund
1300,1365,2023-08-10,1374.66,cash_on_delivery
1301,1366,2024-08-03,238.68,paypal
1302,1366,2024-08-18,-238.68,refund
1303,1367,2024-12-09,207.12,card
1304,1368,2024-08-11,1406.6,paypal
1305,1369,2023-11-19,642.37,card
1306,1370,2023-03-18,570.94,card
1307,1371,2024-11-25,486.16,card
1308,1372,2023-03-30,246.04,cash_on_delivery
1309,1373,2023-07-02,791.82,bank_transfer
1310,1374,2024-11-29,242.16,cash_on_delivery
1311,1376,2023-03-25,2750.4,bank_transfer
1312,1378,2023-07-31,662.55,paypal
1313,1380,2024-09-01,1606.13,cash_on_delivery
1314,1380,2024-09-11,-1606.13,refund
1315,1381,2024-11-09,30.6,bank_transfer
1316,1381,2024-11-18,-30.6,refund
1317,1382,2023-12-27,362.62,paypal
1318,1384,2025-05-06,1114.0,paypal
1319,1385,2023-02-08,2019.87,card
1320,1386,2025-06-11,22.86,bank_transfer
1321,1388,2023-06-02,673.16,card
1322,1389,2023-10-27,2486.1,paypal
1323,1390,2024-09-28,158.08,card
1324,1390,2024-10-01,-158.08,refund
1325,1392,2024-02-02,196.55,card
1326,1392,2024-02-13,-196.55,refund
1327,1393,2024-08-23,182.43,cash_on_delivery
1328,1393,2024-09-08,-182.43,refund
1329,1394,2023-12-31,1421.96,paypal
1330,1394,2024-01-04,-1421.96,refund
1331,1395,2025-01-26,3633.52,cash_on_delivery
1332,1397,2023-10-11,168.29,cash_on_delivery
1333,1398,2025-02-26,617.17,cash_on_delivery
1334,1399,2024-06-23,477.39,bank_transfer
1335,1400,2023-12-17,366.69,paypal
1336,1401,2023-12-03,63.62,cash_on_delivery
1337,1403,2025-10-14,2121.43,card
1338,1403,2025-10-22,-2121.43,refund
1339,1404,2024-10-23,517.6,cash_on_delivery
1340,1405,2024-08-09,224.34,cash_on_delivery
1341,1406,2023-08-11,277.67,card
1342,1407,2025-10-05,1788.64,cash_on_delivery
1343,1407,2025-10-15,-1788.64,refund
1344,1408,2025-05-23,3461.27,cash_on_delivery
1345,1410,2025-10-14,1040.76,card
1346,1411,2023-12-17,458.74,cash_on_delivery
1347,1412,2025-01-20,548.31,card
1348,1413,2023-12-23,2240.94,paypal
1349,1414,2023-03-22,63.62,bank_transfer
1350,1415,2024-08-22,415.8,cash_on_delivery
1351,1417,2025-01-04,3557.76,cash_on_delivery
1352,1418,2024-01-19,1766.72,cash_on_delivery
1353,1419,2025-10-15,658.58,bank_transfer
1354,1421,2024-07-05,295.01,card
1355,1422,2024-07-27,795.39,bank_transfer
1356,1422,2024-08-04,-795.39,refund
1357,1424,2025-03-15,309.48,paypal
1358,1425,2023-06-14,951.58,bank_transfer
1359,1426,2023-12-11,332.1,bank_transfer
1360,1426,2023-12-17,-332.1,refund
1361,1427,2025-11-01,1785.17,cash_on_delivery
1362,1428,2024-08-11,718.97,card
1363,1429,2025-09-12,1089.81,bank_transfer
1364,1429,2025-09-21,-1089.81,refund
1365,1430,2024-09-21,785.91,paypal
1366,1431,2023-12-22,1898.08,card
1367,1432,2024-06-28,123.28,bank_transfer
1368,1434,2023-09-26,2232.87,card
1369,1435,2024-10-27,1160.89,bank_transfer
1370,1435,2024-11-15,-1160.89,refund
1371,1436,2024-07-26,1604.52,paypal
1372,1436,2024-08-07,-1604.52,refund
1373,1437,2023-09-03,289.2,bank_transfer
1374,1438,2024-04-16,142.16,bank_transfer
1375,1438,2024-04-21,-142.16,refund
1376,1439,2023-01-12,1454.22,bank_transfer
1377,1440,2024-08-06,1558.12,cash_on_delivery
1378,1440,2024-08-18,-1558.12,refund
1379,1441,2025-04-27,225.72,bank_transfer
1380,1442,2024-03-05,749.19,paypal
1381,1443,2023-01-16,1044.96,paypal
1382,1444,2025-08-09,157.72,cash_on_delivery
1383,1446,2024-10-20,1238.12,card
1384,1447,2023-10-20,51.84,paypal
1385,1447,2023-10-26,-51.84,refund
1386,1448,2023-04-19,206.26,card
1387,1448,2023-05-06,-206.26,refund
1388,1449,2024-03-17,1459.29,paypal
1389,1451,2023-06-06,192.8,bank_transfer
1390,1452,2024-05-15,1920.25,paypal
1391,1452,2024-05-30,-1920.25,refund
1392,1453,2024-05-21,3430.5,paypal
1393,1455,2024-05-19,1084.42,paypal
1394,1455,2024-05-26,-1084.42,refund
1395,1456,2023-02-28,173.22,paypal
1396,1457,2023-04-04,1376.1,paypal
1397,1458,2025-03-20,135.35,bank_transfer
1398,1459,2025-03-05,3443.57,card
1399,1460,2023-11-02,632.14,bank_transfer
1400,1460,2023-11-11,-632.14,refund
1401,1461,2024-07-23,93.88,cash_on_delivery
1402,1461,2024-08-10,-93.88,refund
1403,1462,2024-03-06,1634.81,paypal
1404,1462,2024-03-14,-1634.81,refund
1405,1464,2025-04-04,290.75,cash_on_delivery
1406,1465,2024-12-04,766.48,cash_on_delivery
1407,1465,2024-12-17,-766.48,refund
1408,1466,2023-01-29,2678.73,card
1409,1467,2024-08-07,1324.27,cash_on_delivery
1410,1468,2023-02-07,580.83,cash_on_delivery
1411,1468,2023-02-12,-580.83,refund
1412,1469,2023-01-03,1260.22,paypal
1413,1471,2023-09-25,118.92,card
1414,1472,2025-09-13,1045.2,paypal
1415,1475,2024-10-18,394.68,card
1416,1476,2023-05-04,80.1,cash_on_delivery
1417,1477,2025-07-15,2076.84,bank_transfer
1418,1478,2023-12-23,874.31,card
1419,1479,2023-04-03,162.85,card
1420,1479,2023-04-07,-162.85,refund
1421,1481,2023-01-28,147.42,card
1422,1481,2023-02-04,-147.42,refund
1423,1482,2023-03-07,237.33,cash_on_delivery
1424,1483,2024-05-22,752.02,bank_transfer
1425,1484,2025-03-31,333.24,card
1426,1485,2025-06-13,1149.38,bank_transfer
1427,1486,2023-03-04,168.29,paypal
1428,1487,2024-02-16,932.26,paypal
1429,1487,2024-02-21,-932.26,refund
1430,1488,2023-05-12,800.1,card
1431,1488,2023-05-23,-800.1,refund
1432,1490,2023-02-24,637.64,cash_on_delivery
1433,1491,2024-06-01,266.67,card
1434,1492,2024-07-08,166.5,card
1435,1492,2024-07-21,-166.5,refund
1436,1493,2023-12-22,171.17,cash_on_delivery
1437,1494,2024-04-06,169.08,cash_on_delivery
1438,1495,2024-08-25,571.25,cash_on_delivery
1439,1496,2024-06-30,620.21,paypal
1440,1497,2025-11-22,2221.92,paypal
1441,1497,2025-11-25,-2221.92,refund
1442,1498,2025-08-15,1401.35,card
1443,1499,2024-06-15,1366.35,bank_transfer
1444,1500,2025-11-08,864.6,bank_transfer
1445,1501,2023-10-12,179.52,cash_on_delivery
1446,1502,2025-11-07,887.79,cash_on_delivery
1447,1503,2025-08-29,669.88,cash_on_delivery
1448,1504,2023-06-25,2949.93,cash_on_delivery
1449,1505,2023-04-14,464.88,card
1450,1506,2023-07-02,3043.7,paypal
1451,1506,2023-07-15,-3043.7,refund
1452,1507,2025-02-14,704.96,paypal
1453,1508,2023-04-05,1805.93,cash_on_delivery
1454,1508,2023-04-08,-1805.93,refund
1455,1509,2025-07-16,180.59,cash_on_delivery
1456,1509,2025-07-23,-180.59,refund
1457,1510,2024-12-31,336.14,paypal
1458,1510,2025-01-03,-336.14,refund
1459,1511,2024-04-02,829.65,paypal
1460,1512,2025-06-30,982.32,paypal
1461,1512,2025-07-14,-982.32,refund
1462,1513,2023-12-02,1090.69,card
1463,1514,2024-06-08,874.61,paypal
1464,1515,2023-09-15,354.09,card
1465,1515,2023-09-24,-354.09,refund
1466,1516,2024-08-18,486.84,card
1467,1517,2025-09-18,1022.65,bank_transfer
1468,1518,2025-06-28,902.08,bank_transfer
1469,1519,2025-05-16,1860.63,card
1470,1519,2025-05-29,-1860.63,refund
1471,1520,2024-06-19,680.79,paypal
1472,1521,2025-09-07,750.98,card
1473,1522,2025-08-30,1185.86,cash_on_delivery
1474,1523,2023-09-15,840.86,bank_transfer
1475,1524,2023-10-09,2527.76,cash_on_delivery
1476,1527,2025-11-03,236.06,bank_transfer
1477,1527,2025-11-14,-236.06,refund
1478,1529,2024-08-17,892.47,paypal
1479,1530,2023-04-23,1124.83,cash_on_delivery
1480,1532,2023-08-03,331.24,bank_transfer
1481,1534,2025-08-30,1660.51,card
1482,1534,2025-09-10,-1660.51,refund
1483,1536,2023-08-17,134.46,cash_on_delivery
1484,1538,2024-12-19,413.6,bank_transfer
1485,1539,2024-06-04,1339.37,bank_transfer
1486,1540,2025-08-15,212.72,paypal
1487,1541,2025-07-06,2464.7,bank_transfer
1488,1544,2024-05-21,622.38,bank_transfer
1489,1545,2025-10-27,1988.76,card
1490,1546,2023-08-02,395.92,cash_on_delivery
1491,1546,2023-08-21,-395.92,refund
1492,1547,2025-11-22,1508.58,card
1493,1548,2024-03-06,504.34,bank_transfer
1494,1548,2024-03-16,-504.34,refund
1495,1549,2023-09-12,1354.8,cash_on_delivery
1496,1551,2023-10-10,933.45,paypal
1497,1552,2024-04-08,868.64,cash_on_delivery
1498,1552,2024-04-16,-868.64,refund
1499,1553,2024-03-06,637.89,card
1500,1554,2024-04-19,114.74,cash_on_delivery
1501,1555,2025-02-19,109.44,cash_on_delivery
1502,1556,2023-01-23,181.62,bank_transfer
1503,1556,2023-02-07,-181.62,refund
1504,1557,2023-07-12,103.76,bank_transfer
1505,1558,2024-05-16,1296.39,cash_on_delivery
1506,1559,2024-10-09,361.66,cash_on_delivery
1507,1560,2025-04-09,27.69,cash_on_delivery
1508,1561,2023-06-05,31.11,cash_on_delivery
1509,1563,2023-06-27,1035.61,cash_on_delivery
1510,1564,2024-07-06,1074.44,paypal
1511,1564,2024-07-18,-1074.44,refund
1512,1566,2025-12-03,819.92,card
1513,1566,2025-12-17,-819.92,refund
1514,1567,2025-01-31,1264.51,paypal
1515,1567,2025-02-07,-1264.51,refund
1516,1568,2023-06-30,1737.94,card
1517,1569,2023-01-14,773.94,bank_transfer
1518,1569,2023-01-20,-773.94,refund
1519,1571,2024-01-16,432.3,card
1520,1572,2025-04-04,1006.56,bank_transfer
1521,1573,2025-01-22,269.16,cash_on_delivery
1522,1574,2023-04-03,1326.04,card
1523,1575,2023-04-15,978.91,paypal
1524,1576,2023-10-06,273.94,cash_on_delivery
1525,1577,2025-11-24,751.52,paypal
1526,1579,2023-05-01,1789.59,paypal
1527,1580,2025-08-10,166.5,card
1528,1581,2023-04-01,315.53,paypal
1529,1583,2024-10-04,534.27,bank_transfer
1530,1584,2024-11-04,319.4,paypal
1531,1585,2025-04-24,676.57,cash_on_delivery
1532,1586,2023-07-01,989.68,bank_transfer
1533,1586,2023-07-05,-989.68,refund
1534,1587,2024-12-22,875.51,paypal
1535,1587,2025-01-04,-875.51,refund
1536,1589,2024-03-26,749.29,paypal
1537,1592,2023-06-13,1075.77,card
1538,1593,2024-09-26,515.02,bank_transfer
1539,1595,2024-04-24,556.98,paypal
1540,1596,2024-10-04,459.36,bank_transfer
1541,1596,2024-10-10,-459.36,refund
1542,1597,2024-03-15,3902.33,cash_on_delivery
1543,1599,2024-01-27,384.11,card
1544,1600,2025-03-16,1241.22,card
1545,1602,2023-05-30,423.5,paypal
1546,1602,2023-06-19,-423.5,refund
1547,1603,2024-12-12,554.94,card
1548,1606,2024-03-25,1393.19,cash_on_delivery
1549,1607,2023-11-21,768.97,paypal
1550,1608,2024-10-03,954.69,cash_on_delivery
1551,1609,2024-06-05,2396.61,card
1552,1610,2023-03-09,221.12,card
1553,1610,2023-03-23,-221.12,refund
1554,1611,2023-01-13,866.32,cash_on_delivery
1555,1611,2023-01-23,-866.32,refund
1556,1612,2023-10-07,369.84,bank_transfer
1557,1612,2023-10-27,-369.84,refund
1558,1613,2025-07-13,1350.67,paypal
1559,1614,2024-01-02,638.53,bank_transfer
1560,1615,2025-08-07,1571.04,paypal
1561,1616,2023-12-14,312.28,card
1562,1617,2023-08-18,655.41,card
1563,1617,2023-09-02,-655.41,refund
1564,1618,2025-11-25,120.75,cash_on_delivery
1565,1619,2024-03-18,734.71,card
1566,1620,2023-10-11,1108.19,paypal
1567,1621,2024-05-31,1492.6,cash_on_delivery
1568,1622,2025-01-07,1004.45,bank_transfer
1569,1622,2025-01-14,-1004.45,refund
1570,1623,2023-09-27,298.62,card
1571,1624,2023-09-25,506.22,cash_on_delivery
1572,1624,2023-10-06,-506.22,refund
1573,1625,2024-02-11,333.4,cash_on_delivery
1574,1628,2023-03-04,440.58,cash_on_delivery
1575,1629,2023-11-05,338.1,cash_on_delivery
1576,1629,2023-11-23,-338.1,refund
1577,1630,2025-10-26,845.15,card
1578,1632,2023-05-05,2310.4,bank_transfer
1579,1633,2024-01-23,1914.44,cash_on_delivery
1580,1634,2025-06-09,61.2,paypal
1581,1635,2025-04-21,3138.29,card
1582,1636,2025-10-07,1440.4,paypal
1583,1636,2025-10-16,-1440.4,refund
1584,1637,2024-11-26,485.24,card
1585,1638,2024-04-28,389.62,card
1586,1639,2025-01-21,371.15,bank_transfer
1587,1639,2025-02-08,-371.15,refund
1588,1641,2025-08-27,1319.06,paypal
1589,1642,2023-12-29,590.03,bank_transfer
1590,1643,2025-03-29,516.69,bank_transfer
1591,1643,2025-04-15,-516.69,refund
1592,1644,2023-08-21,620.07,paypal
1593,1645,2023-09-03,255.2,paypal
1594,1647,2024-09-25,239.36,cash_on_delivery
1595,1648,2023-08-05,78.86,bank_transfer
1596,1649,2023-12-12,383.94,card
1597,1650,2024-08-01,246.82,cash_on_delivery
1598,1652,2023-12-03,1602.82,cash_on_delivery
1599,1654,2023-05-09,219.87,card
1600,1655,2023-02-23,843.3,cash_on_delivery
1601,1656,2024-02-07,348.98,paypal
1602,1657,2023-03-15,541.4,bank_transfer
1603,1658,2023-11-12,681.22,bank_transfer
1604,1658,2023-11-26,-681.22,refund
1605,1659,2024-03-13,480.3,paypal
1606,1660,2024-08-12,2343.37,cash_on_delivery
1607,1661,2023-06-28,1607.94,paypal
1608,1661,2023-07-13,-1607.94,refund
1609,1662,2025-10-16,1056.8,paypal
1610,1663,2023-07-26,1578.27,cash_on_delivery
1611,1664,2024-02-16,638.76,card
1612,1665,2023-08-08,772.38,bank_transfer
1613,1665,2023-08-23,-772.38,refund
1614,1666,2025-02-11,2351.43,card
1615,1668,2024-09-16,1042.97,bank_transfer
1616,1669,2025-03-28,1655.03,bank_transfer
1617,1670,2024-05-31,338.1,card
1618,1670,2024-06-14,-338.1,refund
1619,1671,2025-05-28,207.12,cash_on_delivery
1620,1672,2023-02-06,2386.12,paypal
1621,1672,2023-02-19,-2386.12,refund
1622,1673,2025-10-14,389.77,bank_transfer
1623,1674,2025-06-09,276.16,paypal
1624,1675,2023-07-06,3065.6,cash_on_delivery
1625,1676,2023-03-16,1937.38,cash_on_delivery
1626,1676,2023-03-31,-1937.38,refund
1627,1678,2024-03-02,2953.94,paypal
1628,1678,2024-03-05,-2953.94,refund
1629,1679,2025-11-15,672.5,card
1630,1679,2025-11-29,-672.5,refund
1631,1680,2023-02-18,851.7,card
1632,1681,2025-05-13,2633.74,cash_on_delivery
1633,1681,2025-05-30,-2633.74,refund
1634,1682,2024-09-27,866.42,card
1635,1683,2025-04-15,668.2,bank_transfer
1636,1684,2025-05-25,30.35,bank_transfer
1637,1684,2025-06-01,-30.35,refund
1638,1685,2025-02-18,900.52,bank_transfer
1639,1686,2023-08-16,830.26,bank_transfer
1640,1687,2025-03-18,436.6,bank_transfer
1641,1688,2024-03-30,551.21,paypal
1642,1689,2024-06-14,1645.41,paypal
1643,1690,2024-11-03,661.76,card
1644,1690,2024-11-06,-661.76,refund
1645,1691,2025-07-01,256.84,cash_on_delivery
1646,1693,2025-04-26,1026.18,card
1647,1694,2024-09-11,314.4,bank_transfer
1648,1695,2023-10-10,1267.51,bank_transfer
1649,1696,2025-03-13,1350.6,paypal
1650,1697,2023-05-24,911.93,paypal
1651,1698,2023-05-30,599.93,card
1652,1699,2024-05-24,1105.09,card
1653,1702,2024-06-25,114.48,card
1654,1703,2024-04-13,1090.47,paypal
1655,1703,2024-04-30,-1090.47,refund
1656,1704,2024-11-20,546.82,paypal
1657,1705,2023-10-04,925.88,bank_transfer
1658,1708,2025-09-06,833.11,card
1659,1708,2025-09-14,-833.11,refund
1660,1709,2024-04-17,1317.2,paypal
1661,1709,2024-05-07,-1317.2,refund
1662,1710,2025-07-28,1225.33,bank_transfer
1663,1711,2025-02-06,1513.69,bank_transfer
1664,1713,2024-06-26,1368.24,card
1665,1714,2023-11-16,2579.63,paypal
1666,1715,2024-05-25,1523.25,card
1667,1716,2025-07-28,12.24,cash_on_delivery
1668,1716,2025-08-01,-12.24,refund
1669,1718,2023-03-18,999.55,card
1670,1719,2023-12-26,870.06,bank_transfer
1671,1720,2024-08-17,1428.86,bank_transfer
1672,1721,2025-02-24,502.72,bank_transfer
1673,1722,2025-06-27,542.11,cash_on_delivery
1674,1723,2023-12-08,235.78,cash_on_delivery
1675,1724,2024-06-13,831.04,bank_transfer
1676,1724,2024-06-29,-831.04,refund
1677,1725,2024-07-02,990.7,cash_on_delivery
1678,1726,2025-03-28,958.97,card
1679,1727,2025-04-22,236.61,cash_on_delivery
1680,1728,2025-06-11,525.86,cash_on_delivery
1681,1729,2023-06-06,589.74,card
1682,1730,2023-03-24,1411.59,paypal
1683,1731,2023-11-07,572.25,bank_transfer
1684,1735,2025-03-29,152.12,paypal
1685,1736,2024-01-05,536.82,bank_transfer
1686,1737,2023-05-14,633.6,card
1687,1738,2025-08-22,941.03,card
1688,1738,2025-08-26,-941.03,refund
1689,1740,2024-02-08,1425.53,bank_transfer
1690,1741,2024-04-28,114.48,paypal
1691,1741,2024-05-14,-114.48,refund
1692,1742,2023-12-17,2083.22,paypal
1693,1742,2024-01-06,-2083.22,refund
1694,1743,2024-03-01,1796.97,bank_transfer
1695,1743,2024-03-07,-1796.97,refund
1696,1744,2025-04-05,750.6,paypal
1697,1745,2025-11-02,73.64,bank_transfer
1698,1747,2023-07-15,209.64,card
1699,1749,2025-10-18,197.96,cash_on_delivery
1700,1750,2025-03-29,902.4,paypal
1701,1750,2025-04-10,-902.4,refund
1702,1751,2025-11-04,2535.01,card
1703,1751,2025-11-21,-2535.01,refund
1704,1752,2025-09-03,1748.27,bank_transfer
1705,1753,2025-10-18,2226.52,card
1706,1754,2025-08-04,1275.51,cash_on_delivery
1707,1755,2023-03-01,876.8,paypal
1708,1756,2023-03-07,1483.32,bank_transfer
1709,1757,2024-06-02,1499.34,cash_on_delivery
1710,1758,2023-08-07,331.8,card
1711,1758,2023-08-11,-331.8,refund
1712,1759,2024-03-12,814.29,card
1713,1761,2025-07-10,49.04,card
1714,1761,2025-07-16,-49.04,refund
1715,1762,2025-08-26,1416.37,card
1716,1763,2024-04-19,920.68,bank_transfer
1717,1764,2025-05-14,431.7,card
1718,1764,2025-05-27,-431.7,refund
1719,1765,2024-12-07,935.25,card
1720,1765,2024-12-20,-935.25,refund
1721,1766,2024-03-19,804.75,bank_transfer
1722,1767,2024-04-02,419.12,card
1723,1767,2024-04-09,-419.12,refund
1724,1768,2024-11-14,117.66,cash_on_delivery
1725,1769,2024-01-15,413.68,paypal
1726,1771,2024-12-12,358.66,bank_transfer
1727,1771,2024-12-20,-358.66,refund
1728,1772,2024-12-10,2292.95,cash_on_delivery
1729,1773,2023-04-25,154.83,bank_transfer
1730,1774,2023-07-10,1646.39,bank_transfer
1731,1775,2024-08-29,1584.96,card
1732,1778,2023-12-26,30.4,cash_on_delivery
1733,1778,2024-01-04,-30.4,refund
1734,1779,2024-08-09,858.17,bank_transfer
1735,1779,2024-08-25,-858.17,refund
1736,1780,2024-03-11,227.23,bank_transfer
1737,1781,2025-09-09,803.13,cash_on_delivery
1738,1782,2023-12-01,680.34,bank_transfer
1739,1782,2023-12-16,-680.34,refund
1740,1783,2025-05-30,341.07,bank_transfer
1741,1784,2024-04-13,157.72,bank_transfer
1742,1784,2024-04-21,-157.72,refund
1743,1785,2023-06-26,1088.56,bank_transfer
1744,1785,2023-07-13,-1088.56,refund
1745,1787,2024-12-14,193.55,paypal
1746,1787,2024-12-19,-193.55,refund
1747,1788,2025-08-05,2049.92,cash_on_delivery
1748,1788,2025-08-08,-2049.92,refund
1749,1789,2024-11-03,1080.64,cash_on_delivery
1750,1789,2024-11-22,-1080.64,refund
1751,1790,2023-06-22,269.92,card
1752,1791,2023-06-18,616.92,card
1753,1791,2023-06-21,-616.92,refund
1754,1792,2023-12-09,1878.21,paypal
1755,1793,2025-02-06,216.79,paypal
1756,1794,2025-03-19,274.24,card
1757,1795,2023-09-17,993.57,cash_on_delivery
1758,1795,2023-09-21,-993.57,refund
1759,1796,2023-05-02,300.61,bank_transfer
1760,1796,2023-05-06,-300.61,refund
1761,1797,2023-10-05,212.08,bank_transfer
1762,1798,2025-10-16,603.85,paypal
1763,1799,2024-12-27,1235.6,paypal
1764,1801,2025-02-17,339.31,cash_on_delivery
1765,1804,2024-06-06,242.16,card
1766,1805,2023-08-03,3168.93,bank_transfer
1767,1805,2023-08-09,-3168.93,refund
1768,1806,2024-01-23,2608.77,paypal
1769,1806,2024-02-11,-2608.77,refund
1770,1807,2023-07-30,881.68,card
1771,1808,2025-04-24,674.96,bank_transfer
1772,1808,2025-04-27,-674.96,refund
1773,1809,2023-12-23,1554.68,bank_transfer
1774,1810,2025-07-18,997.01,cash_on_delivery
1775,1811,2024-07-09,305.07,cash_on_delivery
1776,1812,2025-01-06,666.26,cash_on_delivery
1777,1812,2025-01-23,-666.26,refund
1778,1813,2024-05-31,269.24,paypal
1779,1814,2025-05-10,1015.08,bank_transfer
1780,1815,2023-12-08,1592.74,bank_transfer
1781,1816,2025-08-03,361.05,card
1782,1817,2025-10-10,1028.99,card
1783,1817,2025-10-14,-1028.99,refund
1784,1818,2025-09-17,655.38,cash_on_delivery
1785,1818,2025-09-20,-655.38,refund
1786,1819,2025-09-01,1978.6,card
1787,1820,2024-09-04,432.32,cash_on_delivery
1788,1821,2023-08-10,1824.96,card
1789,1821,2023-08-17,-1824.96,refund
1790,1823,2024-11-20,2141.19,card
1791,1825,2023-01-27,407.9,card
1792,1826,2024-02-23,946.92,paypal
1793,1826,2024-02-29,-946.92,refund
1794,1827,2024-06-04,706.59,card
1795,1829,2024-09-12,418.8,card
1796,1830,2024-12-03,483.28,card
1797,1831,2024-07-11,1105.84,cash_on_delivery
1798,1832,2024-12-27,22.84,cash_on_delivery
1799,1833,2025-08-13,686.49,bank_transfer
1800,1833,2025-09-02,-686.49,refund
1801,1835,2023-08-18,2209.61,cash_on_delivery
1802,1837,2023-01-21,1090.23,bank_transfer
1803,1837,2023-01-28,-1090.23,refund
1804,1838,2025-06-15,637.64,cash_on_delivery
1805,1839,2023-09-22,1413.85,card
1806,1840,2023-11-22,2850.61,cash_on_delivery
1807,1841,2023-11-01,343.82,card
1808,1842,2024-11-04,344.42,card
1809,1844,2023-08-16,180.83,bank_transfer
1810,1844,2023-08-22,-180.83,refund
1811,1845,2023-01-09,641.24,cash_on_delivery
1812,1847,2023-06-20,568.18,paypal
1813,1847,2023-06-30,-568.18,refund
1814,1848,2023-09-03,187.82,card
1815,1849,2025-01-27,385.47,bank_transfer
1816,1850,2023-01-28,834.49,card
1817,1852,2023-04-22,22.86,card
1818,1853,2023-10-13,256.84,paypal
1819,1853,2023-11-01,-256.84,refund
1820,1854,2024-08-16,1644.07,card
1821,1855,2024-06-23,81.87,bank_transfer
1822,1856,2024-03-31,514.55,card
1823,1857,2025-05-07,490.47,bank_transfer
1824,1858,2025-03-26,134.36,paypal
1825,1860,2023-07-05,199.68,card
1826,1861,2023-03-04,1260.71,cash_on_delivery
1827,1862,2023-04-06,3033.04,bank_transfer
1828,1863,2023-02-23,1027.52,paypal
1829,1864,2025-05-14,1051.55,cash_on_delivery
1830,1865,2023-01-08,1397.86,bank_transfer
1831,1865,2023-01-13,-1397.86,refund
1832,1867,2023-05-06,1397.7,paypal
1833,1868,2024-04-29,686.76,paypal
1834,1869,2023-08-17,284.0,bank_transfer
1835,1870,2025-01-03,614.94,paypal
1836,1871,2023-06-14,312.61,bank_transfer
1837,1871,2023-06-24,-312.61,refund
1838,1872,2024-08-12,992.61,card
1839,1872,2024-08-26,-992.61,refund
1840,1873,2023-07-22,181.31,bank_transfer
1841,1874,2024-02-07,338.1,card
1842,1875,2025-04-05,505.35,paypal
1843,1877,2023-05-08,152.12,card
1844,1878,2024-07-22,134.46,card
1845,1880,2025-04-30,138.72,bank_transfer
1846,1881,2023-04-16,1484.54,card
1847,1881,2023-04-22,-1484.54,refund
1848,1883,2023-12-09,807.39,paypal
1849,1883,2023-12-26,-807.39,refund
1850,1884,2025-05-01,349.24,cash_on_delivery
1851,1886,2024-11-24,239.36,card
1852,1887,2024-08-11,62.73,cash_on_delivery
1853,1887,2024-08-30,-62.73,refund
1854,1888,2023-02-03,266.62,paypal
1855,1890,2025-08-26,411.95,paypal
1856,1891,2024-10-23,493.4,paypal
1857,1892,2023-05-31,1248.23,paypal
1858,1893,2023-08-20,1685.93,card
1859,1893,2023-09-05,-1685.93,refund
1860,1894,2023-06-02,197.82,cash_on_delivery
1861,1895,2025-01-17,616.21,card
1862,1895,2025-01-22,-616.21,refund
1863,1896,2024-11-01,512.97,cash_on_delivery
1864,1898,2023-08-18,1228.19,cash_on_delivery
1865,1899,2023-07-22,468.04,cash_on_delivery
1866,1900,2023-11-14,867.09,cash_on_delivery
1867,1901,2023-03-17,26.82,cash_on_delivery
1868,1902,2023-05-08,911.36,card
1869,1902,2023-05-17,-911.36,refund
1870,1903,2025-09-23,1034.82,bank_transfer
1871,1906,2023-10-07,3058.84,bank_transfer
1872,1909,2025-03-16,193.53,bank_transfer
1873,1909,2025-03-19,-193.53,refund
1874,1910,2023-02-23,4278.83,card
1875,1910,2023-03-08,-4278.83,refund
1876,1913,2024-06-18,802.0,paypal
1877,1914,2023-05-03,306.09,card
1878,1915,2025-08-11,716.25,paypal
1879,1916,2025-02-02,739.53,paypal
1880,1918,2023-01-29,925.06,cash_on_delivery
1881,1919,2023-02-24,986.22,card
1882,1920,2024-12-03,61.2,paypal
1883,1921,2025-07-29,335.66,bank_transfer
1884,1924,2024-03-24,164.6,card
1885,1924,2024-04-01,-164.6,refund
1886,1926,2025-06-01,727.0,bank_transfer
1887,1928,2025-10-01,1159.61,cash_on_delivery
1888,1929,2025-04-26,229.67,card
1889,1930,2024-01-19,576.9,card
1890,1931,2024-04-07,686.36,card
1891,1932,2023-12-10,309.06,card
1892,1933,2024-04-10,508.5,paypal
1893,1934,2024-02-04,698.01,paypal
1894,1935,2025-05-25,49.14,paypal
1895,1936,2023-09-19,900.92,bank_transfer
1896,1937,2023-10-05,169.94,cash_on_delivery
1897,1939,2024-07-03,1224.4,paypal
1898,1940,2025-09-15,163.7,cash_on_delivery
1899,1941,2023-11-07,1141.97,paypal
1900,1941,2023-11-10,-1141.97,refund
1901,1942,2023-11-21,603.24,card
1902,1942,2023-11-26,-603.24,refund
1903,1943,2024-04-16,814.76,card
1904,1944,2024-05-03,1288.18,bank_transfer
1905,1945,2023-09-28,24.52,bank_transfer
1906,1946,2023-08-15,380.79,cash_on_delivery
1907,1946,2023-09-02,-380.79,refund
1908,1948,2025-01-04,241.92,bank_transfer
1909,1948,2025-01-20,-241.92,refund
1910,1949,2023-04-29,579.4,cash_on_delivery
1911,1949,2023-05-17,-579.4,refund
1912,1950,2025-04-11,211.59,cash_on_delivery
1913,1951,2023-12-14,880.64,paypal
1914,1952,2023-11-23,244.07,bank_transfer
1915,1953,2025-04-11,335.49,card
1916,1954,2023-12-15,597.28,card
1917,1955,2023-01-29,2115.3,card
1918,1955,2023-02-09,-2115.3,refund
1919,1956,2024-12-02,652.49,card
1920,1957,2023-06-22,173.0,paypal
1921,1957,2023-07-04,-173.0,refund
1922,1958,2025-08-10,309.92,card
1923,1960,2025-09-25,2932.14,paypal
1924,1961,2024-08-02,1822.19,card
1925,1962,2025-05-24,1403.4,card
1926,1963,2024-06-15,48.72,paypal
1927,1966,2024-03-04,1231.16,card
1928,1967,2025-06-23,662.04,paypal
1929,1968,2024-01-12,919.72,bank_transfer
1930,1969,2024-07-03,1264.32,cash_on_delivery
1931,1970,2023-01-24,944.71,cash_on_delivery
1932,1971,2023-03-28,367.37,paypal
1933,1972,2024-11-21,758.62,card
1934,1974,2025-07-23,2604.82,bank_transfer
1935,1974,2025-08-08,-2604.82,refund
1936,1975,2025-08-17,191.87,card
1937,1976,2023-05-03,1035.99,cash_on_delivery
1938,1977,2025-02-27,513.83,paypal
1939,1980,2023-09-05,644.74,cash_on_delivery
1940,1980,2023-09-16,-644.74,refund
1941,1981,2023-06-18,651.4,cash_on_delivery
1942,1981,2023-07-01,-651.4,refund
1943,1982,2025-10-28,864.16,cash_on_delivery
1944,1983,2024-10-07,95.16,paypal
1945,1985,2023-06-09,754.72,card
1946,1985,2023-06-24,-754.72,refund
1947,1986,2023-12-02,409.96,paypal
1948,1986,2023-12-21,-409.96,refund
1949,1987,2023-06-15,1647.44,card
1950,1987,2023-07-02,-1647.44,refund
1951,1988,2023-01-13,1072.38,card
1952,1988,2023-01-22,-1072.38,refund
1953,1989,2024-04-27,67.19,bank_transfer
1954,1991,2024-11-29,1270.67,paypal
1955,1991,2024-12-03,-1270.67,refund
1956,1992,2023-10-30,3715.66,paypal
1957,1993,2023-08-22,1110.96,bank_transfer
1958,1996,2023-03-07,413.38,paypal
1959,1996,2023-03-26,-413.38,refund
1960,1997,2025-05-01,2541.75,bank_transfer
1961,1997,2025-05-04,-2541.75,refund
1962,1999,2025-08-14,276.16,cash_on_delivery
1963,2000,2023-08-19,3627.06,card
1964,2000,2023-09-07,-3627.06,refund
1965,2001,2023-02-06,1600.39,paypal
1966,2002,2025-02-21,444.48,card
1967,2003,2024-08-27,1023.96,card
1968,2004,2023-11-17,1339.97,cash_on_delivery
1969,2005,2025-07-11,236.14,bank_transfer
1970,2006,2024-09-26,256.95,bank_transfer
1971,2007,2024-07-24,254.29,bank_transfer
1972,2009,2023-11-11,507.76,cash_on_delivery
1973,2010,2025-04-16,1100.59,cash_on_delivery
1974,2013,2025-03-29,857.86,paypal
1975,2013,2025-04-09,-857.86,refund
1976,2014,2023-12-20,2027.94,paypal
1977,2015,2025-04-06,180.83,bank_transfer
1978,2017,2024-04-09,732.67,card
1979,2018,2025-11-25,643.93,bank_transfer
1980,2018,2025-12-10,-643.93,refund
1981,2019,2023-11-25,497.26,bank_transfer
1982,2020,2024-04-22,1333.17,cash_on_delivery
1983,2021,2023-09-28,614.94,card
1984,2024,2024-05-25,1047.76,bank_transfer
1985,2025,2025-04-11,637.64,cash_on_delivery
1986,2026,2023-12-16,582.78,card
1987,2027,2024-02-12,941.36,bank_transfer
1988,2027,2024-02-29,-941.36,refund
1989,2028,2023-01-01,426.79,card
1990,2030,2025-01-04,724.92,paypal
1991,2031,2024-06-09,816.99,cash_on_delivery
1992,2032,2024-07-10,454.57,card
1993,2032,2024-07-14,-454.57,refund
1994,2033,2023-01-25,1169.82,bank_transfer
1995,2033,2023-01-31,-1169.82,refund
1996,2034,2024-07-19,270.46,card
1997,2035,2024-03-06,1182.87,bank_transfer
1998,2035,2024-03-09,-1182.87,refund
1999,2036,2025-07-01,2179.54,paypal
2000,2036,2025-07-10,-2179.54,refund
2001,2037,2024-04-29,907.13,card
2002,2039,2023-03-31,34.43,bank_transfer
2003,2039,2023-04-10,-34.43,refund
2004,2040,2023-07-08,235.92,bank_transfer
2005,2041,2024-07-18,1116.22,card
2006,2041,2024-07-24,-1116.22,refund
2007,2042,2025-04-07,856.7,paypal
2008,2043,2025-08-22,1219.02,paypal
2009,2044,2025-06-30,502.98,cash_on_delivery
2010,2046,2025-02-08,727.0,paypal
2011,2047,2025-09-23,1256.67,paypal
2012,2047,2025-09-27,-1256.67,refund
2013,2048,2025-03-21,578.76,card
2014,2049,2024-03-19,154.96,card
2015,2049,2024-03-29,-154.96,refund
2016,2050,2023-03-02,822.02,cash_on_delivery
2017,2051,2025-01-29,498.31,cash_on_delivery
2018,2051,2025-02-02,-498.31,refund
2019,2052,2025-08-09,278.67,bank_transfer
2020,2053,2024-08-02,42.25,bank_transfer
2021,2054,2024-12-19,473.88,cash_on_delivery
2022,2054,2024-12-27,-473.88,refund
2023,2055,2023-12-12,610.85,cash_on_delivery
2024,2055,2023-12-27,-610.85,refund
2025,2057,2023-10-14,1464.64,paypal
2026,2058,2023-05-12,506.91,cash_on_delivery
2027,2059,2023-07-14,1022.81,bank_transfer
2028,2060,2024-03-04,1225.91,bank_transfer
2029,2061,2025-08-15,333.0,card
2030,2061,2025-09-03,-333.0,refund
2031,2063,2023-09-11,1213.4,cash_on_delivery
2032,2063,2023-09-26,-1213.4,refund
2033,2064,2023-01-16,1702.16,card
2034,2065,2023-07-26,360.6,paypal
2035,2065,2023-08-04,-360.6,refund
2036,2066,2023-10-22,1548.02,paypal
2037,2066,2023-11-11,-1548.02,refund
2038,2067,2023-10-04,1085.08,paypal
2039,2069,2023-10-07,1904.33,card
2040,2070,2024-01-23,698.3,bank_transfer
2041,2071,2023-05-26,1502.56,bank_transfer
2042,2071,2023-06-02,-1502.56,refund
2043,2072,2025-03-07,433.85,card
2044,2073,2025-03-19,373.16,paypal
2045,2076,2024-02-29,222.11,bank_transfer
2046,2076,2024-03-07,-222.11,refund
2047,2077,2024-08-14,415.28,card
2048,2078,2025-10-15,83.64,bank_transfer
2049,2080,2023-03-23,889.76,bank_transfer
2050,2081,2025-07-09,383.36,bank_transfer
2051,2082,2023-06-09,1620.53,cash_on_delivery
2052,2083,2025-06-15,417.15,card
2053,2084,2023-07-27,1308.77,bank_transfer
2054,2085,2023-01-10,540.56,paypal
2055,2087,2025-08-04,815.58,cash_on_delivery
2056,2087,2025-08-08,-815.58,refund
2057,2088,2024-08-20,1045.59,bank_transfer
2058,2091,2025-03-20,123.35,cash_on_delivery
2059,2094,2023-07-27,385.84,cash_on_delivery
2060,2095,2025-04-29,346.26,cash_on_delivery
2061,2095,2025-05-14,-346.26,refund
2062,2096,2024-06-08,157.74,bank_transfer
2063,2097,2023-05-21,1385.4,paypal
2064,2097,2023-06-03,-1385.4,refund
2065,2098,2025-08-21,59.84,cash_on_delivery
2066,2099,2023-04-04,656.0,paypal
2067,2099,2023-04-08,-656.0,refund
2068,2100,2024-11-15,363.37,card
2069,2101,2025-09-01,686.66,bank_transfer
2070,2101,2025-09-07,-686.66,refund
2071,2103,2025-10-05,2402.13,cash_on_delivery
2072,2104,2023-12-13,1060.17,paypal
2073,2104,2023-12-26,-1060.17,refund
2074,2105,2024-07-29,7.06,paypal
2075,2105,2024-08-02,-7.06,refund
2076,2106,2023-07-17,1912.9,bank_transfer
2077,2106,2023-07-22,-1912.9,refund
2078,2107,2025-05-24,1493.05,paypal
2079,2108,2024-03-29,629.91,cash_on_delivery
2080,2109,2025-11-24,126.88,card
2081,2110,2025-04-06,787.37,bank_transfer
2082,2112,2025-05-13,689.5,card
2083,2113,2025-10-26,157.74,cash_on_delivery
2084,2113,2025-10-30,-157.74,refund
2085,2114,2025-05-30,775.47,cash_on_delivery
2086,2115,2024-10-26,167.12,cash_on_delivery
2087,2116,2024-10-06,1309.4,card
2088,2117,2025-10-09,504.87,cash_on_delivery
2089,2117,2025-10-17,-504.87,refund
2090,2118,2024-03-06,98.46,card
2091,2118,2024-03-24,-98.46,refund
2092,2119,2023-06-12,177.14,card
2093,2120,2024-11-14,1549.62,cash_on_delivery
2094,2121,2023-03-18,413.38,cash_on_delivery
2095,2122,2023-10-30,2430.06,cash_on_delivery
2096,2122,2023-11-03,-2430.06,refund
2097,2123,2024-10-11,1259.12,cash_on_delivery
2098,2125,2024-10-25,284.64,paypal
2099,2126,2023-07-11,1027.97,bank_transfer
2100,2126,2023-07-25,-1027.97,refund
2101,2127,2024-03-06,125.79,cash_on_delivery
2102,2128,2023-04-17,150.12,cash_on_delivery
2103,2129,2025-07-01,1271.99,cash_on_delivery
2104,2130,2023-04-23,483.18,bank_transfer
2105,2132,2025-06-06,273.3,paypal
2106,2133,2023-09-04,842.34,paypal
2107,2134,2023-03-21,995.43,card
2108,2135,2025-02-03,1238.7,bank_transfer
2109,2137,2024-08-03,854.31,bank_transfer
2110,2138,2023-11-30,12.96,card
2111,2139,2024-08-13,901.38,cash_on_delivery
2112,2140,2023-04-30,1049.78,paypal
2113,2140,2023-05-07,-1049.78,refund
2114,2141,2025-04-12,461.05,bank_transfer
2115,2142,2023-03-02,4435.76,cash_on_delivery
2116,2142,2023-03-18,-4435.76,refund
2117,2143,2025-06-13,414.18,paypal
2118,2144,2023-12-24,121.96,bank_transfer
2119,2145,2023-03-26,292.32,cash_on_delivery
2120,2146,2023-02-06,627.01,card
2121,2147,2024-08-26,1488.63,cash_on_delivery
2122,2148,2024-09-24,3307.0,paypal
2123,2150,2024-06-23,124.94,bank_transfer
2124,2151,2023-05-12,1435.52,paypal
2125,2152,2024-04-13,228.96,paypal
2126,2152,2024-04-18,-228.96,refund
2127,2153,2025-01-10,1809.3,bank_transfer
2128,2154,2023-08-25,1214.77,card
2129,2155,2024-10-21,318.28,paypal
2130,2156,2025-02-06,33.59,cash_on_delivery
2131,2156,2025-02-16,-33.59,refund
2132,2157,2024-10-01,691.0,card
2133,2158,2023-06-08,498.34,bank_transfer
2134,2158,2023-06-25,-498.34,refund
2135,2160,2024-06-24,181.35,paypal
2136,2161,2024-01-14,708.85,bank_transfer
2137,2161,2024-01-20,-708.85,refund
2138,2162,2024-08-18,44.36,card
2139,2163,2024-10-10,391.99,cash_on_delivery
2140,2164,2024-05-27,1025.25,paypal
2141,2166,2023-06-05,579.58,card
2142,2167,2024-04-12,460.99,bank_transfer
2143,2168,2025-04-25,984.88,cash_on_delivery
2144,2169,2023-01-12,1187.12,card
2145,2170,2025-01-01,961.86,cash_on_delivery
2146,2171,2024-04-22,1269.64,card
2147,2174,2025-01-31,1325.21,paypal
2148,2175,2024-03-04,1541.16,cash_on_delivery
2149,2175,2024-03-22,-1541.16,refund
2150,2176,2023-11-05,284.0,paypal
2151,2178,2024-03-11,521.66,cash_on_delivery
2152,2179,2023-10-29,994.28,card
2153,2180,2025-11-24,651.56,card
2154,2181,2023-12-10,658.48,card
2155,2183,2024-02-09,893.0,bank_transfer
2156,2183,2024-02-16,-893.0,refund
2157,2185,2023-10-14,819.29,cash_on_delivery
2158,2185,2023-10-29,-819.29,refund
2159,2186,2024-08-22,1145.45,paypal
2160,2186,2024-08-28,-1145.45,refund
2161,2188,2023-02-27,967.97,paypal
2162,2189,2024-07-12,929.93,card
2163,2190,2024-06-30,276.16,paypal
2164,2191,2023-06-01,823.32,paypal
2165,2193,2023-05-29,1016.92,card
2166,2193,2023-06-07,-1016.92,refund
2167,2194,2024-02-12,1122.24,card
2168,2196,2025-10-11,585.17,paypal
2169,2197,2025-08-08,407.22,card
2170,2198,2025-08-01,1143.9,bank_transfer
2171,2199,2025-02-18,496.69,cash_on_delivery
2172,2200,2024-08-11,291.89,card
2173,2201,2024-05-04,1197.74,card
2174,2202,2024-06-02,383.33,paypal
2175,2203,2025-01-17,570.63,bank_transfer
2176,2204,2024-03-30,9.23,cash_on_delivery
2177,2207,2025-04-10,278.75,card
2178,2208,2023-03-29,1056.07,cash_on_delivery
2179,2209,2025-05-12,337.68,cash_on_delivery
2180,2210,2023-05-02,393.48,card
2181,2211,2025-04-16,71.93,paypal
2182,2212,2024-04-15,1438.75,paypal
2183,2213,2024-08-31,120.35,bank_transfer
2184,2214,2023-08-26,389.16,bank_transfer
2185,2216,2025-06-16,311.46,card
2186,2217,2025-08-09,96.0,bank_transfer
2187,2217,2025-08-15,-96.0,refund
2188,2218,2024-08-12,309.8,bank_transfer
2189,2219,2025-08-21,1053.2,paypal
2190,2219,2025-08-24,-1053.2,refund
2191,2220,2024-03-31,833.76,card
2192,2221,2025-07-01,270.47,bank_transfer
2193,2222,2024-10-23,2032.3,cash_on_delivery
2194,2223,2025-05-31,385.26,paypal
2195,2223,2025-06-19,-385.26,refund
2196,2224,2025-05-29,1795.65,cash_on_delivery
2197,2225,2024-07-13,2603.19,paypal
2198,2226,2023-05-25,511.34,paypal
2199,2227,2025-03-25,1171.06,bank_transfer
2200,2228,2024-01-15,343.46,card
2201,2229,2023-03-09,413.38,card
2202,2230,2024-11-10,969.84,bank_transfer
2203,2231,2024-08-01,78.72,cash_on_delivery
2204,2231,2024-08-04,-78.72,refund
2205,2232,2024-07-24,195.02,bank_transfer
2206,2233,2024-01-10,19.9,paypal
2207,2234,2024-07-26,159.72,cash_on_delivery
2208,2238,2024-12-27,520.94,bank_transfer
2209,2239,2025-01-03,329.0,card
2210,2240,2024-05-08,732.14,card
2211,2241,2023-05-08,55.28,bank_transfer
2212,2244,2024-09-27,1055.55,paypal
2213,2245,2024-04-26,1113.33,cash_on_delivery
2214,2246,2024-08-12,1154.09,cash_on_delivery
2215,2248,2023-09-14,713.84,paypal
2216,2249,2024-05-21,1189.96,card
2217,2251,2025-09-23,1896.09,cash_on_delivery
2218,2252,2023-06-20,189.41,card
2219,2254,2023-10-24,964.92,bank_transfer
2220,2255,2025-10-03,1097.08,card
2221,2255,2025-10-16,-1097.08,refund
2222,2256,2024-03-08,219.74,card
2223,2256,2024-03-23,-219.74,refund
2224,2257,2024-12-25,1811.33,cash_on_delivery
2225,2258,2024-07-29,547.72,bank_transfer
2226,2259,2025-03-02,1280.31,bank_transfer
2227,2259,2025-03-16,-1280.31,refund
2228,2260,2023-09-05,1035.35,cash_on_delivery
2229,2261,2025-02-24,2953.91,cash_on_delivery
2230,2261,2025-03-14,-2953.91,refund
2231,2262,2024-04-19,106.8,bank_transfer
2232,2263,2024-07-07,75.24,cash_on_delivery
2233,2264,2025-02-02,535.07,cash_on_delivery
2234,2265,2023-01-13,724.84,bank_transfer
2235,2267,2023-10-05,666.7,paypal
2236,2268,2023-04-27,771.44,cash_on_delivery
2237,2268,2023-04-30,-771.44,refund
2238,2270,2023-08-20,98.62,bank_transfer
2239,2271,2024-07-06,1037.5,cash_on_delivery
2240,2272,2025-11-11,536.25,bank_transfer
2241,2273,2025-06-10,735.44,card
2242,2273,2025-06-16,-735.44,refund
2243,2274,2024-01-20,733.13,card
2244,2275,2023-08-11,1778.24,card
2245,2276,2024-06-08,123.28,paypal
2246,2278,2025-11-20,637.62,cash_on_delivery
2247,2280,2023-03-21,497.82,card
2248,2281,2025-01-20,4009.47,paypal
2249,2281,2025-01-29,-4009.47,refund
2250,2282,2025-04-28,267.12,bank_transfer
2251,2283,2023-05-19,319.55,paypal
2252,2283,2023-05-29,-319.55,refund
2253,2284,2025-11-11,268.76,bank_transfer
2254,2285,2023-03-31,1588.16,card
2255,2286,2024-02-20,391.05,cash_on_delivery
2256,2288,2025-02-01,475.47,card
2257,2289,2024-05-04,880.86,cash_on_delivery
2258,2291,2025-09-11,1052.95,card
2259,2291,2025-09-15,-1052.95,refund
2260,2292,2023-10-18,651.84,card
2261,2294,2025-01-19,1993.2,paypal
2262,2294,2025-01-28,-1993.2,refund
2263,2295,2024-06-29,80.1,paypal
2264,2296,2024-07-30,1001.9,card
2265,2297,2024-06-13,2109.42,bank_transfer
2266,2298,2023-08-26,463.78,paypal
2267,2299,2023-01-20,2057.8,paypal
2268,2300,2024-08-15,3487.2,card
2269,2300,2024-08-26,-3487.2,refund
2270,2301,2024-05-11,593.73,cash_on_delivery
2271,2301,2024-05-18,-593.73,refund
2272,2303,2024-11-14,441.9,card
2273,2304,2025-03-12,228.96,bank_transfer
2274,2305,2023-02-20,561.22,paypal
2275,2305,2023-02-24,-561.22,refund
2276,2306,2024-02-10,800.62,card
2277,2307,2023-05-01,154.96,card
2278,2308,2025-06-28,261.85,card
2279,2308,2025-07-06,-261.85,refund
2280,2309,2024-04-17,507.62,bank_transfer
2281,2311,2023-06-20,187.46,bank_transfer
2282,2312,2025-07-30,488.34,paypal
2283,2313,2024-05-17,466.69,paypal
2284,2314,2025-05-16,762.05,card
2285,2314,2025-05-31,-762.05,refund
2286,2317,2025-03-26,972.54,cash_on_delivery
2287,2318,2025-11-21,1771.98,card
2288,2319,2024-08-20,1062.05,cash_on_delivery
2289,2319,2024-08-27,-1062.05,refund
2290,2320,2024-10-22,180.49,card
2291,2320,2024-11-03,-180.49,refund
2292,2321,2025-06-24,1143.43,bank_transfer
2293,2322,2023-07-10,1698.5,card
2294,2322,2023-07-18,-1698.5,refund
2295,2323,2024-07-08,671.6,cash_on_delivery
2296,2323,2024-07-12,-671.6,refund
2297,2324,2024-04-22,290.31,paypal
2298,2325,2023-01-29,2275.52,paypal
2299,2326,2024-04-10,453.61,cash_on_delivery
2300,2327,2024-02-08,573.96,paypal
2301,2328,2025-07-15,644.2,cash_on_delivery
2302,2329,2023-07-10,1169.47,card
2303,2330,2025-02-19,778.69,bank_transfer
2304,2330,2025-02-24,-778.69,refund
2305,2332,2024-12-25,1270.36,bank_transfer
2306,2332,2025-01-04,-1270.36,refund
2307,2334,2024-03-25,803.04,card
2308,2335,2024-09-18,56.18,bank_transfer
2309,2336,2025-08-08,637.64,bank_transfer
2310,2337,2024-02-07,647.56,paypal
2311,2337,2024-02-25,-647.56,refund
2312,2338,2023-10-20,708.29,card
2313,2338,2023-10-25,-708.29,refund
2314,2339,2023-10-11,1719.7,card
2315,2340,2024-03-07,111.88,paypal
2316,2342,2024-12-24,329.24,bank_transfer
2317,2342,2025-01-01,-329.24,refund
2318,2343,2025-08-03,78.2,card
2319,2344,2023-04-16,604.25,bank_transfer
2320,2344,2023-04-21,-604.25,refund
2321,2345,2025-06-04,1715.96,bank_transfer
2322,2346,2025-01-03,955.18,cash_on_delivery
2323,2349,2023-07-27,944.74,card
2324,2350,2024-04-24,959.82,bank_transfer
2325,2351,2023-03-09,1811.66,paypal
2326,2352,2024-04-15,1391.07,paypal
2327,2352,2024-04-30,-1391.07,refund
2328,2353,2025-01-21,53.78,bank_transfer
2329,2354,2025-08-25,73.99,bank_transfer
2330,2355,2023-02-22,2628.79,bank_transfer
2331,2356,2023-06-23,1213.84,card
2332,2362,2023-02-25,577.84,cash_on_delivery
2333,2363,2024-08-23,1861.27,card
2334,2364,2024-01-02,815.52,card
2335,2365,2024-03-15,969.89,card
2336,2366,2023-04-10,63.62,cash_on_delivery
2337,2367,2025-07-29,420.26,card
2338,2368,2024-05-14,90.76,card
2339,2368,2024-05-24,-90.76,refund
2340,2370,2023-11-03,8.16,paypal
2341,2371,2023-03-08,1152.62,card
2342,2371,2023-03-24,-1152.62,refund
2343,2372,2025-05-01,604.86,cash_on_delivery
2344,2374,2024-12-25,140.62,cash_on_delivery
2345,2376,2025-01-17,676.26,card
2346,2377,2024-06-29,740.68,bank_transfer
2347,2378,2025-03-09,2226.17,cash_on_delivery
2348,2381,2024-08-12,937.88,card
2349,2384,2023-08-01,74.16,cash_on_delivery
2350,2385,2025-05-01,1275.6,paypal
2351,2386,2024-04-21,329.24,paypal
2352,2387,2024-04-12,1552.15,card
2353,2388,2024-11-06,196.51,cash_on_delivery
2354,2388,2024-11-13,-196.51,refund
2355,2389,2023-07-12,695.76,card
2356,2390,2025-03-31,1044.66,bank_transfer
2357,2391,2023-10-04,3897.78,card
2358,2394,2025-08-04,423.58,cash_on_delivery
2359,2395,2025-09-26,3462.06,paypal
2360,2395,2025-09-29,-3462.06,refund
2361,2398,2025-08-22,1280.23,paypal
2362,2398,2025-09-05,-1280.23,refund
2363,2399,2024-08-30,1132.18,paypal
2364,2400,2023-11-12,3082.4,paypal
2365,2401,2023-05-17,1885.11,card
2366,2402,2025-03-22,668.6,cash_on_delivery
2367,2403,2023-04-20,3374.2,bank_transfer
2368,2403,2023-04-24,-3374.2,refund
2369,2404,2025-05-27,1761.74,paypal
2370,2406,2023-05-15,1019.52,cash_on_delivery
2371,2407,2025-09-08,356.18,card
2372,2408,2024-01-05,1781.68,paypal
2373,2410,2024-09-25,673.29,bank_transfer
2374,2411,2023-12-11,793.8,bank_transfer
2375,2412,2025-04-22,548.48,bank_transfer
2376,2413,2024-07-18,3000.95,card
2377,2414,2024-09-29,214.73,card
2378,2415,2024-02-16,796.52,cash_on_delivery
2379,2417,2024-05-27,83.56,paypal
2380,2418,2024-09-20,1725.91,cash_on_delivery
2381,2419,2023-12-31,534.92,paypal
2382,2419,2024-01-10,-534.92,refund
2383,2421,2023-03-19,858.82,paypal
2384,2421,2023-04-08,-858.82,refund
2385,2422,2024-12-06,554.91,cash_on_delivery
2386,2423,2023-01-17,1008.6,cash_on_delivery
2387,2424,2024-11-05,719.55,bank_transfer
2388,2426,2025-02-13,758.48,card
2389,2426,2025-03-02,-758.48,refund
2390,2431,2025-01-24,2512.82,cash_on_delivery
2391,2431,2025-02-03,-2512.82,refund
2392,2432,2024-12-04,414.18,cash_on_delivery
2393,2433,2025-08-23,745.65,paypal
2394,2433,2025-09-12,-745.65,refund
2395,2435,2025-04-24,3421.31,paypal
2396,2436,2023-06-26,63.44,cash_on_delivery
2397,2437,2024-11-16,3929.4,cash_on_delivery
2398,2439,2024-09-17,277.46,paypal
2399,2440,2023-08-03,41.82,paypal
2400,2440,2023-08-17,-41.82,refund
2401,2441,2025-05-16,801.27,bank_transfer
2402,2444,2024-07-14,616.54,paypal
2403,2445,2025-08-02,80.5,cash_on_delivery
2404,2446,2025-05-10,1052.48,bank_transfer
2405,2446,2025-05-15,-1052.48,refund
2406,2447,2025-07-03,110.85,paypal
2407,2448,2024-03-04,1395.28,bank_transfer
2408,2449,2025-11-03,358.47,bank_transfer
2409,2450,2025-05-18,504.62,cash_on_delivery
2410,2451,2023-01-29,85.1,bank_transfer
2411,2453,2024-10-07,11.43,paypal
2412,2454,2025-07-06,2180.81,cash_on_delivery
2413,2455,2025-09-25,1300.2,card
2414,2456,2025-02-04,142.3,paypal
2415,2457,2024-04-22,523.7,cash_on_delivery
2416,2458,2024-08-09,1178.82,card
2417,2459,2023-04-26,165.67,cash_on_delivery
2418,2461,2025-10-22,976.83,card
2419,2462,2024-11-03,779.56,paypal
2420,2462,2024-11-17,-779.56,refund
2421,2464,2023-07-06,192.16,bank_transfer
2422,2466,2023-12-13,258.81,bank_transfer
2423,2467,2025-11-29,1282.7,bank_transfer
2424,2468,2023-07-07,261.85,card
2425,2468,2023-07-18,-261.85,refund
2426,2469,2025-02-27,713.96,bank_transfer
2427,2470,2025-08-07,123.35,card
2428,2471,2024-10-06,700.82,paypal
2429,2472,2024-11-11,549.33,paypal
2430,2473,2024-09-21,239.36,card
2431,2474,2023-04-10,523.32,cash_on_delivery
2432,2474,2023-04-20,-523.32,refund
2433,2475,2024-09-20,732.53,bank_transfer
2434,2476,2023-11-12,781.09,cash_on_delivery
2435,2477,2023-07-12,1346.58,bank_transfer
2436,2479,2025-04-05,1502.86,cash_on_delivery
2437,2480,2023-06-27,333.4,bank_transfer
2438,2481,2023-09-25,1364.37,bank_transfer
2439,2482,2025-10-09,709.62,card
2440,2483,2024-11-17,54.06,cash_on_delivery
2441,2484,2025-02-20,116.06,bank_transfer
2442,2486,2023-06-21,972.31,bank_transfer
2443,2486,2023-07-07,-972.31,refund
2444,2487,2023-10-03,2183.29,paypal
2445,2489,2023-07-03,218.75,bank_transfer
2446,2490,2025-07-05,1112.95,paypal
2447,2491,2024-08-18,154.96,cash_on_delivery
2448,2492,2023-04-10,305.22,card
2449,2495,2025-11-13,1164.6,paypal
2450,2495,2025-11-27,-1164.6,refund
2451,2496,2024-01-17,1090.56,card
2452,2497,2025-11-11,1716.93,cash_on_delivery
2453,2497,2025-11-30,-1716.93,refund
2454,2498,2025-03-30,744.75,cash_on_delivery
2455,2499,2023-10-31,134.22,bank_transfer
2456,2500,2024-12-06,1057.03,bank_transfer
